timestamp,CH1,CH2,CH3,CH4
2026-03-31T00:08:13.592415,0.007901,-0.000031,0.000000,0.126823
2026-03-31T00:08:13.638313,0.016598,0.000110,0.000000,0.124374
2026-03-31T00:08:13.656470,0.012050,0.000066,0.000000,0.127504
2026-03-31T00:08:13.656553,0.008950,0.000029,0.000000,0.127195
2026-03-31T00:08:13.656607,0.015711,0.000134,0.000000,0.123596
2026-03-31T00:08:13.656660,0.012762,0.000181,0.000000,0.120660
2026-03-31T00:08:13.656787,0.010115,-0.000023,0.000000,0.123421
2026-03-31T00:08:13.656865,0.013643,0.000041,0.000000,0.122151
2026-03-31T00:08:13.656971,0.013253,-0.000044,0.000000,0.122524
2026-03-31T00:08:13.670723,0.012103,-0.000103,0.000000,0.122650
2026-03-31T00:08:13.670978,0.026744,0.000067,0.000000,0.115442
2026-03-31T00:08:13.671360,0.014059,0.000010,0.000000,0.123829
2026-03-31T00:08:13.671435,0.006060,-0.000089,0.000000,0.123012
2026-03-31T00:08:13.671720,0.001666,-0.000096,0.000000,0.119312
2026-03-31T00:08:13.671800,0.019345,0.000095,0.000000,0.115524
2026-03-31T00:08:13.671984,0.001275,0.000077,0.000000,0.119209
2026-03-31T00:08:13.672198,0.016262,0.000122,0.000000,0.118119
2026-03-31T00:08:13.672264,0.027021,-0.000043,0.000000,0.116504
2026-03-31T00:08:13.672422,0.014749,-0.000089,0.000000,0.118426
2026-03-31T00:08:13.672497,0.013246,-0.000133,0.000000,0.121288
2026-03-31T00:08:13.672559,0.022256,0.000028,0.000000,0.117073
2026-03-31T00:08:13.672636,0.035650,-0.000025,0.000000,0.116390
2026-03-31T00:08:13.672740,0.010013,-0.000020,0.000000,0.103764
2026-03-31T00:08:13.672819,0.010349,-0.000093,0.000000,0.117592
2026-03-31T00:08:13.672889,-0.001707,-0.000108,0.000000,0.117315
2026-03-31T00:08:13.672952,0.013293,0.000069,0.000000,0.117848
2026-03-31T00:08:13.673010,0.018089,-0.000462,0.000000,0.118582
2026-03-31T00:08:13.673067,0.011913,-0.000017,0.000000,0.122650
2026-03-31T00:08:13.673133,0.015289,-0.000013,0.000000,0.122503
2026-03-31T00:08:13.673197,0.012732,0.000180,0.000000,0.121025
2026-03-31T00:08:13.673256,0.014754,-0.000085,0.000000,0.115827
2026-03-31T00:08:13.673313,0.019256,-0.000047,0.000000,0.116354
2026-03-31T00:08:13.673369,0.025072,-0.000068,0.000000,0.111393
2026-03-31T00:08:13.673420,0.017844,0.000046,0.000000,0.115945
2026-03-31T00:08:13.673472,0.015290,-0.000203,0.000000,0.116001
2026-03-31T00:08:13.673525,0.015968,0.000117,0.000000,0.115816
2026-03-31T00:08:13.673574,0.014234,0.000127,0.000000,0.117656
2026-03-31T00:08:13.673624,0.013995,0.000042,0.000000,0.116173
2026-03-31T00:08:13.673675,0.014922,-0.000045,0.000000,0.114241
2026-03-31T00:08:13.673729,0.012425,0.000072,0.000000,0.121092
2026-03-31T00:08:13.673778,0.012323,0.000141,0.000000,0.116364
2026-03-31T00:08:13.673829,0.016608,-0.000060,0.000000,0.115760
2026-03-31T00:08:13.673879,0.016379,0.000253,0.000000,0.116419
2026-03-31T00:08:13.673927,0.020908,0.000018,0.000000,0.115787
2026-03-31T00:08:13.673982,0.016961,0.000052,0.000000,0.116080
2026-03-31T00:08:13.674038,0.016457,0.000056,0.000000,0.114878
2026-03-31T00:08:13.674099,0.016966,0.000012,0.000000,0.103332
2026-03-31T00:08:13.674153,0.018119,-0.000062,0.000000,0.121634
2026-03-31T00:08:13.674211,0.018967,-0.000029,0.000000,0.114534
2026-03-31T00:08:13.674265,0.016649,-0.000160,0.000000,0.116450
2026-03-31T00:08:13.674320,0.013035,0.000177,0.000000,0.115907
2026-03-31T00:08:13.674369,0.020998,-0.000004,0.000000,0.118154
2026-03-31T00:08:13.674417,0.025750,-0.000078,0.000000,0.121000
2026-03-31T00:08:13.674465,0.024442,-0.000045,0.000000,0.125470
2026-03-31T00:08:13.674512,0.028373,-0.000215,0.000000,0.121371
2026-03-31T00:08:13.674560,0.023532,0.000100,0.000000,0.121635
2026-03-31T00:08:13.674608,0.029673,-0.000213,0.000000,0.124158
2026-03-31T00:08:13.674656,0.023990,0.000028,0.000000,0.117581
2026-03-31T00:08:13.674705,0.023538,-0.000070,0.000000,0.126459
2026-03-31T00:08:13.674753,0.027972,0.000166,0.000000,0.124961
2026-03-31T00:08:13.674804,0.038037,0.000054,0.000000,0.124822
2026-03-31T00:08:13.674852,0.028362,-0.000162,0.000000,0.127485
2026-03-31T00:08:13.677478,0.033449,0.000174,0.000000,0.122654
2026-03-31T00:08:13.677578,0.035600,0.000006,0.000000,0.122963
2026-03-31T00:08:13.680391,0.037236,-0.000204,0.000000,0.124881
2026-03-31T00:08:13.683050,0.039217,-0.000120,0.000000,0.120773
2026-03-31T00:08:13.685854,0.033394,-0.000023,0.000000,0.118657
2026-03-31T00:08:13.685934,0.047387,-0.000160,0.000000,0.126673
2026-03-31T00:08:13.688729,0.050528,0.000112,0.000000,0.130715
2026-03-31T00:08:13.691333,0.048100,-0.000001,0.000000,0.118034
2026-03-31T00:08:13.694048,0.052194,0.000012,0.000000,0.150734
2026-03-31T00:08:13.696798,0.053099,-0.000153,0.000000,0.138864
2026-03-31T00:08:13.696873,0.053036,0.000223,0.000000,0.106507
2026-03-31T00:08:13.699588,0.055707,-0.000053,0.000000,0.137301
2026-03-31T00:08:13.702378,0.054277,0.000026,0.000000,0.132993
2026-03-31T00:08:13.705108,0.063347,0.000238,0.000000,0.133757
2026-03-31T00:08:13.705167,0.056588,0.000206,0.000000,0.132113
2026-03-31T00:08:13.707862,0.063385,-0.000063,0.000000,0.128359
2026-03-31T00:08:13.710612,0.064669,-0.000093,0.000000,0.141317
2026-03-31T00:08:13.713389,0.058945,0.000168,0.000000,0.135130
2026-03-31T00:08:13.716112,0.062836,-0.000042,0.000000,0.133151
2026-03-31T00:08:13.716183,0.061811,-0.000035,0.000000,0.132580
2026-03-31T00:08:13.718873,0.063011,-0.000043,0.000000,0.137630
2026-03-31T00:08:13.721675,0.075526,-0.000021,0.000000,0.130747
2026-03-31T00:08:13.724390,0.074459,-0.000056,0.000000,0.128485
2026-03-31T00:08:13.724446,0.077035,-0.000050,0.000000,0.137153
2026-03-31T00:08:13.727172,0.079662,-0.000013,0.000000,0.128193
2026-03-31T00:08:13.729933,0.079329,0.000005,0.000000,0.133718
2026-03-31T00:08:13.738116,0.080409,-0.000045,0.000000,0.133251
2026-03-31T00:08:13.738198,0.080675,0.000172,0.000000,0.139087
2026-03-31T00:08:13.738253,0.076000,0.000112,0.000000,0.134985
2026-03-31T00:08:13.738312,0.089625,0.000112,0.000000,0.139915
2026-03-31T00:08:13.742602,0.090527,-0.000133,0.000000,0.139294
2026-03-31T00:08:13.747780,0.089785,0.000072,0.000000,0.135786
2026-03-31T00:08:13.749398,0.092286,0.000075,0.000000,0.137579
2026-03-31T00:08:13.754404,0.087671,0.000168,0.000000,0.129011
2026-03-31T00:08:13.757870,0.091479,-0.000035,0.000000,0.143601
2026-03-31T00:08:13.758151,0.086396,0.000001,0.000000,0.140348
2026-03-31T00:08:13.758323,0.094894,0.000333,0.000000,0.138530
2026-03-31T00:08:13.758400,0.104220,-0.000139,0.000000,0.136442
2026-03-31T00:08:13.758478,0.101674,-0.000153,0.000000,0.140759
2026-03-31T00:08:13.761115,0.104741,-0.000092,0.000000,0.141395
2026-03-31T00:08:13.763192,0.103363,0.000141,0.000000,0.120286
2026-03-31T00:08:13.765777,0.106341,-0.000055,0.000000,0.150490
2026-03-31T00:08:13.765894,0.114344,0.000026,0.000000,0.150362
2026-03-31T00:08:13.768595,0.111086,0.000057,0.000000,0.155771
2026-03-31T00:08:13.771319,0.125916,-0.000256,0.000000,0.155506
2026-03-31T00:08:13.774144,0.125090,-0.000168,0.000000,0.158163
2026-03-31T00:08:13.774210,0.126662,0.000105,0.000000,0.164809
2026-03-31T00:08:13.776870,0.125268,0.000088,0.000000,0.168756
2026-03-31T00:08:13.779640,0.104690,0.000113,0.000000,0.165503
2026-03-31T00:08:13.782399,0.126245,0.000008,0.000000,0.167382
2026-03-31T00:08:13.785116,0.128757,0.000138,0.000000,0.166543
2026-03-31T00:08:13.785218,0.126881,-0.000009,0.000000,0.167692
2026-03-31T00:08:13.788081,0.141584,-0.000091,0.000000,0.169905
2026-03-31T00:08:13.790709,0.137566,0.000050,0.000000,0.167633
2026-03-31T00:08:13.793477,0.146863,0.000070,0.000000,0.168748
2026-03-31T00:08:13.793561,0.148552,-0.000017,0.000000,0.161137
2026-03-31T00:08:13.796269,0.142239,-0.000116,0.000000,0.158507
2026-03-31T00:08:13.798991,0.140913,0.000074,0.000000,0.168425
2026-03-31T00:08:13.801712,0.149297,-0.000266,0.000000,0.168436
2026-03-31T00:08:13.804441,0.155486,0.000117,0.000000,0.172978
2026-03-31T00:08:13.804506,0.154402,0.000057,0.000000,0.169644
2026-03-31T00:08:13.807230,0.161213,-0.000042,0.000000,0.171994
2026-03-31T00:08:13.810034,0.158689,0.000121,0.000000,0.173466
2026-03-31T00:08:13.812751,0.160540,-0.000032,0.000000,0.169134
2026-03-31T00:08:13.818199,0.161838,0.000142,0.000000,0.172723
2026-03-31T00:08:13.818359,0.161448,0.000040,0.000000,0.169732
2026-03-31T00:08:13.818436,0.165773,0.000011,0.000000,0.172147
2026-03-31T00:08:13.821015,0.161696,-0.000020,0.000000,0.170319
2026-03-31T00:08:13.823824,0.173005,-0.000153,0.000000,0.178826
2026-03-31T00:08:13.823891,0.174374,-0.000011,0.000000,0.175267
2026-03-31T00:08:13.826692,0.175479,0.000031,0.000000,0.181630
2026-03-31T00:08:13.829405,0.176661,0.000104,0.000000,0.178772
2026-03-31T00:08:13.832044,0.173625,0.000062,0.000000,0.181642
2026-03-31T00:08:13.834848,0.182721,-0.000110,0.000000,0.183258
2026-03-31T00:08:13.834916,0.183218,0.000209,0.000000,0.181056
2026-03-31T00:08:13.837687,0.181971,-0.000020,0.000000,0.184710
2026-03-31T00:08:13.840330,0.193563,0.000090,0.000000,0.187868
2026-03-31T00:08:13.843082,0.204668,0.000031,0.000000,0.192515
2026-03-31T00:08:13.843171,0.189945,0.000052,0.000000,0.193445
2026-03-31T00:08:13.845956,0.183370,-0.000371,0.000000,0.190037
2026-03-31T00:08:13.848785,0.190648,-0.000088,0.000000,0.196697
2026-03-31T00:08:13.851467,0.192513,-0.000063,0.000000,0.193895
2026-03-31T00:08:13.854148,0.201931,0.000047,0.000000,0.192189
2026-03-31T00:08:13.854234,0.195878,-0.000056,0.000000,0.204420
2026-03-31T00:08:13.857075,0.200930,-0.000131,0.000000,0.205990
2026-03-31T00:08:13.859646,0.201050,0.000256,0.000000,0.205541
2026-03-31T00:08:13.862486,0.203441,0.000092,0.000000,0.205678
2026-03-31T00:08:13.862565,0.204181,0.000069,0.000000,0.205943
2026-03-31T00:08:13.865335,0.201761,0.000058,0.000000,0.204186
2026-03-31T00:08:13.868010,0.203507,0.000060,0.000000,0.207258
2026-03-31T00:08:13.870712,0.199802,0.000053,0.000000,0.202060
2026-03-31T00:08:13.873431,0.212512,-0.000129,0.000000,0.215004
2026-03-31T00:08:13.873506,0.209140,0.000042,0.000000,0.204581
2026-03-31T00:08:13.876291,0.209076,0.000034,0.000000,0.207740
2026-03-31T00:08:13.879022,0.211990,-0.000000,0.000000,0.206044
2026-03-31T00:08:13.881856,0.214104,0.000113,0.000000,0.208562
2026-03-31T00:08:13.884510,0.216415,-0.000035,0.000000,0.215952
2026-03-31T00:08:13.884606,0.218229,0.000115,0.000000,0.216833
2026-03-31T00:08:13.887471,0.216855,-0.000187,0.000000,0.212945
2026-03-31T00:08:13.890211,0.212541,-0.000171,0.000000,0.219163
2026-03-31T00:08:13.892874,0.215023,0.000085,0.000000,0.214981
2026-03-31T00:08:13.892953,0.210520,-0.000185,0.000000,0.217901
2026-03-31T00:08:13.895638,0.216505,-0.000166,0.000000,0.217326
2026-03-31T00:08:13.898491,0.230675,0.000068,0.000000,0.214907
2026-03-31T00:08:13.901157,0.217137,-0.000099,0.000000,0.216474
2026-03-31T00:08:13.903800,0.219267,0.000011,0.000000,0.215569
2026-03-31T00:08:13.903891,0.218930,-0.000009,0.000000,0.215794
2026-03-31T00:08:13.906635,0.215626,-0.000083,0.000000,0.220473
2026-03-31T00:08:13.909388,0.219982,0.000101,0.000000,0.218162
2026-03-31T00:08:13.912138,0.219503,0.000061,0.000000,0.218436
2026-03-31T00:08:13.912224,0.216322,0.000180,0.000000,0.212390
2026-03-31T00:08:13.915032,0.214127,0.000198,0.000000,0.220500
2026-03-31T00:08:13.918109,0.214294,0.000127,0.000000,0.224800
2026-03-31T00:08:13.920428,0.218436,0.000093,0.000000,0.222247
2026-03-31T00:08:13.923145,0.215697,-0.000000,0.000000,0.234334
2026-03-31T00:08:13.923222,0.213816,-0.000181,0.000000,0.224564
2026-03-31T00:08:13.926197,0.212182,0.000053,0.000000,0.227133
2026-03-31T00:08:13.928823,0.215609,-0.000129,0.000000,0.224059
2026-03-31T00:08:13.931405,0.214560,-0.000133,0.000000,0.222233
2026-03-31T00:08:13.931490,0.208669,0.000066,0.000000,0.223603
2026-03-31T00:08:13.934250,0.204459,-0.000114,0.000000,0.221926
2026-03-31T00:08:13.937005,0.208031,0.000102,0.000000,0.223475
2026-03-31T00:08:13.939780,0.212084,-0.000096,0.000000,0.234648
2026-03-31T00:08:13.942457,0.206406,-0.000037,0.000000,0.244866
2026-03-31T00:08:13.942540,0.207261,0.000334,0.000000,0.255322
2026-03-31T00:08:13.945349,0.206217,0.000120,0.000000,0.233442
2026-03-31T00:08:13.948013,0.209526,-0.000119,0.000000,0.232174
2026-03-31T00:08:13.950844,0.206543,0.000132,0.000000,0.216300
2026-03-31T00:08:13.953593,0.207486,0.000074,0.000000,0.233730
2026-03-31T00:08:13.953693,0.205792,-0.000229,0.000000,0.262570
2026-03-31T00:08:13.956331,0.200156,0.000257,0.000000,0.234791
2026-03-31T00:08:13.959008,0.205110,0.000069,0.000000,0.235064
2026-03-31T00:08:13.961841,0.202834,-0.000268,0.000000,0.244154
2026-03-31T00:08:13.961927,0.199487,0.000013,0.000000,0.232290
2026-03-31T00:08:13.964673,0.201299,0.000073,0.000000,0.244553
2026-03-31T00:08:13.967397,0.202880,-0.000177,0.000000,0.237909
2026-03-31T00:08:13.969971,0.216060,0.000068,0.000000,0.244947
2026-03-31T00:08:13.972795,0.199458,-0.000078,0.000000,0.234971
2026-03-31T00:08:13.972883,0.187713,0.000120,0.000000,0.231116
2026-03-31T00:08:13.975856,0.186162,-0.000103,0.000000,0.243079
2026-03-31T00:08:13.978528,0.190460,-0.000067,0.000000,0.234314
2026-03-31T00:08:13.981136,0.189712,0.000174,0.000000,0.236571
2026-03-31T00:08:13.981206,0.187020,-0.000162,0.000000,0.237367
2026-03-31T00:08:13.984003,0.187292,-0.000130,0.000000,0.234920
2026-03-31T00:08:13.986657,0.189938,0.000117,0.000000,0.237045
2026-03-31T00:08:13.989392,0.185517,0.000162,0.000000,0.229901
2026-03-31T00:08:13.992208,0.170001,0.000169,0.000000,0.239468
2026-03-31T00:08:13.992303,0.174250,-0.000027,0.000000,0.243125
2026-03-31T00:08:13.994995,0.170903,-0.000103,0.000000,0.245612
2026-03-31T00:08:13.997669,0.165727,0.000069,0.000000,0.244306
2026-03-31T00:08:14.000538,0.167795,0.000085,0.000000,0.250907
2026-03-31T00:08:14.000620,0.171155,-0.000130,0.000000,0.252242
2026-03-31T00:08:14.003289,0.168552,0.000055,0.000000,0.251647
2026-03-31T00:08:14.006033,0.160033,0.000169,0.000000,0.248174
2026-03-31T00:08:14.008899,0.161185,-0.000181,0.000000,0.244673
2026-03-31T00:08:14.011481,0.157992,-0.000022,0.000000,0.231565
2026-03-31T00:08:14.011577,0.160000,-0.000044,0.000000,0.240772
2026-03-31T00:08:14.014338,0.167103,-0.000020,0.000000,0.247403
2026-03-31T00:08:14.018778,0.155627,0.000049,0.000000,0.247007
2026-03-31T00:08:14.019767,0.156273,0.000285,0.000000,0.243997
2026-03-31T00:08:14.022529,0.156734,0.000013,0.000000,0.245427
2026-03-31T00:08:14.022621,0.148247,-0.000158,0.000000,0.242184
2026-03-31T00:08:14.025406,0.142645,-0.000013,0.000000,0.245732
2026-03-31T00:08:14.028175,0.141694,0.000072,0.000000,0.244384
2026-03-31T00:08:14.030851,0.141297,-0.000136,0.000000,0.243900
2026-03-31T00:08:14.030936,0.159779,0.000089,0.000000,0.244319
2026-03-31T00:08:14.033700,0.145176,0.000116,0.000000,0.241732
2026-03-31T00:08:14.036334,0.143887,-0.000183,0.000000,0.243648
2026-03-31T00:08:14.039128,0.139973,-0.000266,0.000000,0.242188
2026-03-31T00:08:14.041874,0.129734,-0.000183,0.000000,0.243032
2026-03-31T00:08:14.041974,0.127081,-0.000077,0.000000,0.239322
2026-03-31T00:08:14.044674,0.121363,-0.000191,0.000000,0.241547
2026-03-31T00:08:14.047448,0.125340,0.000034,0.000000,0.234427
2026-03-31T00:08:14.050232,0.120824,0.000004,0.000000,0.227848
2026-03-31T00:08:14.050327,0.123630,-0.000036,0.000000,0.243606
2026-03-31T00:08:14.052924,0.120213,0.000047,0.000000,0.246024
2026-03-31T00:08:14.055733,0.131129,0.000177,0.000000,0.246837
2026-03-31T00:08:14.058509,0.112768,-0.000350,0.000000,0.244338
2026-03-31T00:08:14.061192,0.116866,-0.000073,0.000000,0.245549
2026-03-31T00:08:14.061300,0.107073,-0.000115,0.000000,0.247599
2026-03-31T00:08:14.063989,0.109831,-0.000097,0.000000,0.244177
2026-03-31T00:08:14.068454,0.109056,-0.000033,0.000000,0.245420
2026-03-31T00:08:14.069426,0.107607,-0.000044,0.000000,0.245156
2026-03-31T00:08:14.069689,0.102994,0.000011,0.000000,0.240570
2026-03-31T00:08:14.072231,0.105981,-0.000102,0.000000,0.247084
2026-03-31T00:08:14.074963,0.099920,-0.000055,0.000000,0.251205
2026-03-31T00:08:14.077725,0.093372,-0.000241,0.000000,0.252050
2026-03-31T00:08:14.080523,0.093599,-0.000290,0.000000,0.246196
2026-03-31T00:08:14.080626,0.093364,-0.000002,0.000000,0.247871
2026-03-31T00:08:14.083263,0.095791,0.000049,0.000000,0.233809
2026-03-31T00:08:14.085989,0.091041,-0.000050,0.000000,0.245166
2026-03-31T00:08:14.088848,0.095637,-0.000099,0.000000,0.246661
2026-03-31T00:08:14.091562,0.086552,-0.000001,0.000000,0.241312
2026-03-31T00:08:14.091672,0.084705,-0.000160,0.000000,0.243274
2026-03-31T00:08:14.094343,0.080720,0.000131,0.000000,0.233547
2026-03-31T00:08:14.097132,0.091280,0.000043,0.000000,0.240740
2026-03-31T00:08:14.099805,0.076767,-0.000033,0.000000,0.240175
2026-03-31T00:08:14.099905,0.078095,-0.000098,0.000000,0.240603
2026-03-31T00:08:14.102626,0.077570,-0.000096,0.000000,0.240169
2026-03-31T00:08:14.105439,0.077183,-0.000051,0.000000,0.245307
2026-03-31T00:08:14.108057,0.066403,-0.000054,0.000000,0.254961
2026-03-31T00:08:14.110819,0.063910,-0.000142,0.000000,0.248612
2026-03-31T00:08:14.110925,0.065037,0.000098,0.000000,0.250959
2026-03-31T00:08:14.113692,0.063047,-0.000008,0.000000,0.250983
2026-03-31T00:08:14.118505,0.063047,0.000095,0.000000,0.270857
2026-03-31T00:08:14.119106,0.066284,-0.000046,0.000000,0.249699
2026-03-31T00:08:14.119232,0.055836,0.000016,0.000000,0.251857
2026-03-31T00:08:14.121872,0.064512,0.000012,0.000000,0.247298
2026-03-31T00:08:14.124623,0.056000,0.000049,0.000000,0.242300
2026-03-31T00:08:14.127445,0.060945,0.000051,0.000000,0.241563
2026-03-31T00:08:14.130081,0.055108,0.000311,0.000000,0.245763
2026-03-31T00:08:14.130177,0.056855,0.000079,0.000000,0.244798
2026-03-31T00:08:14.132956,0.053376,0.000132,0.000000,0.245065
2026-03-31T00:08:14.135804,0.052283,0.000065,0.000000,0.242187
2026-03-31T00:08:14.138458,0.053051,0.000011,0.000000,0.242239
2026-03-31T00:08:14.138552,0.052388,-0.000085,0.000000,0.244081
2026-03-31T00:08:14.141297,0.043736,-0.000009,0.000000,0.239473
2026-03-31T00:08:14.143952,0.049795,0.000093,0.000000,0.233560
2026-03-31T00:08:14.146748,0.043632,-0.000116,0.000000,0.233460
2026-03-31T00:08:14.149490,0.046991,0.000032,0.000000,0.222929
2026-03-31T00:08:14.149597,0.043431,0.000036,0.000000,0.233355
2026-03-31T00:08:14.152324,0.039795,-0.000003,0.000000,0.239598
2026-03-31T00:08:14.155026,0.044801,-0.000068,0.000000,0.230288
2026-03-31T00:08:14.157753,0.041971,0.000187,0.000000,0.231152
2026-03-31T00:08:14.160524,0.041600,-0.000019,0.000000,0.218865
2026-03-31T00:08:14.160636,0.026552,0.000132,0.000000,0.224977
2026-03-31T00:08:14.163357,0.039432,0.000093,0.000000,0.227750
2026-03-31T00:08:14.168953,0.039343,-0.000099,0.000000,0.232116
2026-03-31T00:08:14.169236,0.038769,0.000207,0.000000,0.227816
2026-03-31T00:08:14.169420,0.029000,-0.000042,0.000000,0.229995
2026-03-31T00:08:14.171533,0.037232,0.000176,0.000000,0.230181
2026-03-31T00:08:14.174324,0.035902,0.000056,0.000000,0.224962
2026-03-31T00:08:14.177416,0.033175,0.000075,0.000000,0.241767
2026-03-31T00:08:14.179885,0.036256,-0.000180,0.000000,0.230557
2026-03-31T00:08:14.179989,0.038760,-0.000140,0.000000,0.235142
2026-03-31T00:08:14.182772,0.031168,0.000168,0.000000,0.233293
2026-03-31T00:08:14.185441,0.018938,-0.000190,0.000000,0.233706
2026-03-31T00:08:14.188212,0.033620,0.000058,0.000000,0.239549
2026-03-31T00:08:14.188311,0.020672,-0.000078,0.000000,0.232992
2026-03-31T00:08:14.191031,0.033973,0.000036,0.000000,0.234016
2026-03-31T00:08:14.193714,0.027171,0.000131,0.000000,0.226820
2026-03-31T00:08:14.196423,0.013557,0.000074,0.000000,0.223984
2026-03-31T00:08:14.199316,0.030472,0.000111,0.000000,0.221279
2026-03-31T00:08:14.199427,0.030240,-0.000041,0.000000,0.227405
2026-03-31T00:08:14.202059,0.024847,-0.000121,0.000000,0.219228
2026-03-31T00:08:14.204702,0.037696,-0.000021,0.000000,0.218848
2026-03-31T00:08:14.207582,0.026702,-0.000077,0.000000,0.221839
2026-03-31T00:08:14.207691,0.029127,0.000199,0.000000,0.215476
2026-03-31T00:08:14.210368,0.032378,-0.000105,0.000000,0.192262
2026-03-31T00:08:14.213079,0.024170,-0.000082,0.000000,0.214265
2026-03-31T00:08:14.219154,0.026841,0.000256,0.000000,0.215502
2026-03-31T00:08:14.219319,0.028114,-0.000039,0.000000,0.218625
2026-03-31T00:08:14.219487,0.026049,-0.000139,0.000000,0.207030
2026-03-31T00:08:14.221308,0.029227,-0.000088,0.000000,0.213599
2026-03-31T00:08:14.224070,0.024817,0.000099,0.000000,0.207998
2026-03-31T00:08:14.226845,0.023625,0.000085,0.000000,0.198957
2026-03-31T00:08:14.229521,0.012420,0.000040,0.000000,0.202645
2026-03-31T00:08:14.229640,0.022137,0.000201,0.000000,0.202585
2026-03-31T00:08:14.232546,0.023327,0.000153,0.000000,0.202216
2026-03-31T00:08:14.235082,0.027604,0.000055,0.000000,0.202577
2026-03-31T00:08:14.237851,0.024394,0.000117,0.000000,0.199957
2026-03-31T00:08:14.237962,0.025637,-0.000047,0.000000,0.195748
2026-03-31T00:08:14.240721,0.026408,0.000003,0.000000,0.194522
2026-03-31T00:08:14.243368,0.027235,-0.000124,0.000000,0.202423
2026-03-31T00:08:14.246057,0.022712,0.000094,0.000000,0.194566
2026-03-31T00:08:14.248848,0.024856,-0.000042,0.000000,0.193775
2026-03-31T00:08:14.248956,0.020066,0.000123,0.000000,0.184704
2026-03-31T00:08:14.251653,0.026225,-0.000192,0.000000,0.192152
2026-03-31T00:08:14.254402,0.024741,-0.000093,0.000000,0.193486
2026-03-31T00:08:14.257194,0.028421,0.000005,0.000000,0.192983
2026-03-31T00:08:14.257300,0.027141,-0.000058,0.000000,0.199888
2026-03-31T00:08:14.259968,0.022429,0.000239,0.000000,0.199147
2026-03-31T00:08:14.262701,0.021109,-0.000055,0.000000,0.197288
2026-03-31T00:08:14.268473,0.021284,-0.000006,0.000000,0.197333
2026-03-31T00:08:14.268709,0.019879,-0.000142,0.000000,0.201807
2026-03-31T00:08:14.268865,0.018956,0.000030,0.000000,0.202625
2026-03-31T00:08:14.270871,0.016807,-0.000143,0.000000,0.192757
2026-03-31T00:08:14.273736,0.019738,-0.000032,0.000000,0.204295
2026-03-31T00:08:14.276608,0.024105,-0.000050,0.000000,0.192252
2026-03-31T00:08:14.276700,0.017129,0.000142,0.000000,0.198797
2026-03-31T00:08:14.279236,0.018569,0.000041,0.000000,0.198793
2026-03-31T00:08:14.281935,0.021257,0.000178,0.000000,0.201731
2026-03-31T00:08:14.284670,0.023330,-0.000023,0.000000,0.197721
2026-03-31T00:08:14.287558,0.014452,0.000033,0.000000,0.196081
2026-03-31T00:08:14.287649,0.015493,0.000038,0.000000,0.184089
2026-03-31T00:08:14.290406,0.020006,-0.000247,0.000000,0.193963
2026-03-31T00:08:14.293096,0.019373,0.000048,0.000000,0.186977
2026-03-31T00:08:14.295791,0.007215,0.000174,0.000000,0.184095
2026-03-31T00:08:14.298526,0.017266,-0.000079,0.000000,0.188251
2026-03-31T00:08:14.298621,0.019137,-0.000003,0.000000,0.189401
2026-03-31T00:08:14.301364,0.020302,-0.000055,0.000000,0.184903
2026-03-31T00:08:14.304038,0.015698,0.000052,0.000000,0.188905
2026-03-31T00:08:14.306733,0.022321,0.000140,0.000000,0.188365
2026-03-31T00:08:14.306814,0.010704,-0.000010,0.000000,0.179388
2026-03-31T00:08:14.309497,0.016068,-0.000222,0.000000,0.183269
2026-03-31T00:08:14.312329,0.018082,0.000013,0.000000,0.181076
2026-03-31T00:08:14.314981,0.016279,-0.000021,0.000000,0.180724
2026-03-31T00:08:14.317788,0.016194,0.000124,0.000000,0.182894
2026-03-31T00:08:14.317937,0.022951,0.000017,0.000000,0.180930
2026-03-31T00:08:14.320582,0.014415,-0.000302,0.000000,0.184846
2026-03-31T00:08:14.323361,0.013418,0.000002,0.000000,0.181711
2026-03-31T00:08:14.326091,0.021087,-0.000145,0.000000,0.192869
2026-03-31T00:08:14.326167,0.014846,-0.000211,0.000000,0.193686
2026-03-31T00:08:14.328919,0.014845,0.000249,0.000000,0.192299
2026-03-31T00:08:14.331658,0.011039,-0.000025,0.000000,0.191921
2026-03-31T00:08:14.334354,0.016137,0.000080,0.000000,0.189055
2026-03-31T00:08:14.337116,0.018239,0.000100,0.000000,0.192574
2026-03-31T00:08:14.337205,0.018903,-0.000033,0.000000,0.189592
2026-03-31T00:08:14.340002,0.012504,0.000133,0.000000,0.186115
2026-03-31T00:08:14.342642,0.014314,-0.000008,0.000000,0.194220
2026-03-31T00:08:14.345454,0.018519,0.000029,0.000000,0.196503
2026-03-31T00:08:14.345542,0.011552,0.000025,0.000000,0.192887
2026-03-31T00:08:14.348345,0.015686,0.000235,0.000000,0.182143
2026-03-31T00:08:14.351010,0.012438,0.000065,0.000000,0.192388
2026-03-31T00:08:14.353711,0.020888,-0.000036,0.000000,0.189959
2026-03-31T00:08:14.356592,0.013959,-0.000057,0.000000,0.188641
2026-03-31T00:08:14.356684,0.012396,0.000047,0.000000,0.186022
2026-03-31T00:08:14.359367,0.014755,0.000403,0.000000,0.186133
2026-03-31T00:08:14.362179,0.016901,-0.000090,0.000000,0.190045
2026-03-31T00:08:14.364958,0.012408,-0.000114,0.000000,0.195032
2026-03-31T00:08:14.368150,0.012160,-0.000191,0.000000,0.191633
2026-03-31T00:08:14.368315,0.012690,-0.000091,0.000000,0.185885
2026-03-31T00:08:14.370400,0.013925,0.000199,0.000000,0.180558
2026-03-31T00:08:14.373009,0.010066,0.000006,0.000000,0.174537
2026-03-31T00:08:14.375851,0.012822,0.000063,0.000000,0.180428
2026-03-31T00:08:14.375943,0.014782,-0.000092,0.000000,0.178500
2026-03-31T00:08:14.378648,0.014026,-0.000074,0.000000,0.158756
2026-03-31T00:08:14.381506,0.012869,0.000007,0.000000,0.183332
2026-03-31T00:08:14.384159,0.014690,0.000015,0.000000,0.181831
2026-03-31T00:08:14.386779,0.014124,0.000049,0.000000,0.197024
2026-03-31T00:08:14.386875,0.015047,0.000093,0.000000,0.172904
2026-03-31T00:08:14.389632,0.013595,-0.000162,0.000000,0.178763
2026-03-31T00:08:14.392358,0.011035,0.000053,0.000000,0.180508
2026-03-31T00:08:14.395119,0.015581,-0.000085,0.000000,0.178582
2026-03-31T00:08:14.395205,0.014984,-0.000224,0.000000,0.172050
2026-03-31T00:08:14.397886,0.009771,-0.000052,0.000000,0.176654
2026-03-31T00:08:14.400748,0.010372,-0.000024,0.000000,0.174076
2026-03-31T00:08:14.403443,-0.001215,-0.000216,0.000000,0.179789
2026-03-31T00:08:14.406294,0.014423,-0.000235,0.000000,0.176689
2026-03-31T00:08:14.406398,0.022800,-0.000009,0.000000,0.175397
2026-03-31T00:08:14.409086,0.011194,0.000140,0.000000,0.168502
2026-03-31T00:08:14.411650,0.012049,0.000096,0.000000,0.167354
2026-03-31T00:08:14.414420,0.011986,-0.000148,0.000000,0.166754
2026-03-31T00:08:14.414513,0.010890,-0.000097,0.000000,0.167831
2026-03-31T00:08:14.417604,0.010782,0.000001,0.000000,0.160326
2026-03-31T00:08:14.419972,0.012943,0.000204,0.000000,0.162219
2026-03-31T00:08:14.422686,0.012623,-0.000143,0.000000,0.163163
2026-03-31T00:08:14.425628,0.008705,-0.000351,0.000000,0.160670
2026-03-31T00:08:14.425730,0.007522,0.000227,0.000000,0.168599
2026-03-31T00:08:14.428245,0.009996,-0.000257,0.000000,0.171557
2026-03-31T00:08:14.431008,0.011302,0.000277,0.000000,0.169619
2026-03-31T00:08:14.433708,0.009107,0.000034,0.000000,0.172202
2026-03-31T00:08:14.436457,0.013443,-0.000228,0.000000,0.168342
2026-03-31T00:08:14.436577,0.013133,-0.000004,0.000000,0.169936
2026-03-31T00:08:14.439391,0.015335,0.000200,0.000000,0.169987
2026-03-31T00:08:14.442182,0.010972,0.000092,0.000000,0.168596
2026-03-31T00:08:14.444823,0.009587,0.000075,0.000000,0.162995
2026-03-31T00:08:14.444912,0.007274,0.000335,0.000000,0.160844
2026-03-31T00:08:14.447582,0.011350,-0.000051,0.000000,0.172796
2026-03-31T00:08:14.450471,0.010222,-0.000055,0.000000,0.159799
2026-03-31T00:08:14.453081,0.013068,-0.000072,0.000000,0.160412
2026-03-31T00:08:14.455859,0.008449,0.000009,0.000000,0.165672
2026-03-31T00:08:14.455955,0.000169,0.000086,0.000000,0.158422
2026-03-31T00:08:14.458722,0.002929,-0.000197,0.000000,0.163576
2026-03-31T00:08:14.461299,0.009764,-0.000009,0.000000,0.149519
2026-03-31T00:08:14.464138,0.014430,0.000089,0.000000,0.152706
2026-03-31T00:08:14.464249,0.011179,-0.000176,0.000000,0.147249
2026-03-31T00:08:14.468620,0.007088,-0.000147,0.000000,0.156086
2026-03-31T00:08:14.469736,0.010953,-0.000115,0.000000,0.152098
2026-03-31T00:08:14.472456,0.012259,-0.000141,0.000000,0.151399
2026-03-31T00:08:14.475123,0.012617,0.000025,0.000000,0.158746
2026-03-31T00:08:14.475225,0.011421,0.000054,0.000000,0.155311
2026-03-31T00:08:14.477929,0.006732,-0.000058,0.000000,0.167486
2026-03-31T00:08:14.480772,0.009020,0.000165,0.000000,0.157614
2026-03-31T00:08:14.483553,0.008871,-0.000016,0.000000,0.156691
2026-03-31T00:08:14.483650,0.014640,-0.000137,0.000000,0.156653
2026-03-31T00:08:14.486264,0.008124,-0.000175,0.000000,0.157997
2026-03-31T00:08:14.489083,0.011485,-0.000205,0.000000,0.155648
2026-03-31T00:08:14.491865,0.012389,-0.000006,0.000000,0.154279
2026-03-31T00:08:14.494461,0.009462,-0.000036,0.000000,0.151750
2026-03-31T00:08:14.494562,0.007750,0.000058,0.000000,0.147585
2026-03-31T00:08:14.497334,0.011496,-0.000065,0.000000,0.147067
2026-03-31T00:08:14.500117,0.007361,0.000070,0.000000,0.154703
2026-03-31T00:08:14.502830,0.006037,0.000022,0.000000,0.150252
2026-03-31T00:08:14.505566,0.009315,0.000106,0.000000,0.146560
2026-03-31T00:08:14.505684,0.009654,0.000072,0.000000,0.146547
2026-03-31T00:08:14.508515,0.006968,-0.000005,0.000000,0.148485
2026-03-31T00:08:14.511052,0.010809,0.000035,0.000000,0.151263
2026-03-31T00:08:14.513884,0.010373,0.000078,0.000000,0.149661
2026-03-31T00:08:14.513996,0.014322,-0.000113,0.000000,0.153110
2026-03-31T00:08:14.518810,0.004129,0.000028,0.000000,0.148302
2026-03-31T00:08:14.519547,0.009681,-0.000014,0.000000,0.147661
2026-03-31T00:08:14.522079,0.008463,0.008041,0.000000,0.150122
2026-03-31T00:08:14.524828,0.003417,-0.000080,0.000000,0.156275
2026-03-31T00:08:14.524926,0.003089,0.000071,0.000000,0.148521
2026-03-31T00:08:14.527907,0.007377,-0.000049,0.000000,0.167416
2026-03-31T00:08:14.530391,0.009128,-0.000142,0.000000,0.142888
2026-03-31T00:08:14.533281,0.006728,0.000088,0.000000,0.147044
2026-03-31T00:08:14.533378,0.007222,-0.000051,0.000000,0.142447
2026-03-31T00:08:14.535924,0.001341,0.000084,0.000000,0.141745
2026-03-31T00:08:14.538747,0.006135,0.000003,0.000000,0.141948
2026-03-31T00:08:14.541520,0.011162,0.000309,0.000000,0.141213
2026-03-31T00:08:14.544146,0.010920,0.000058,0.000000,0.151157
2026-03-31T00:08:14.544259,0.009942,-0.000045,0.000000,0.150051
2026-03-31T00:08:14.546909,0.010890,0.000009,0.000000,0.147390
2026-03-31T00:08:14.549829,0.011221,0.000025,0.000000,0.147291
2026-03-31T00:08:14.552426,0.013592,0.000104,0.000000,0.145588
2026-03-31T00:08:14.552544,0.006767,-0.000084,0.000000,0.144574
2026-03-31T00:08:14.555262,0.008280,-0.000042,0.000000,0.143632
2026-03-31T00:08:14.558068,0.011250,-0.000001,0.000000,0.142718
2026-03-31T00:08:14.560799,0.003482,-0.000028,0.000000,0.142456
2026-03-31T00:08:14.563513,0.005192,0.000135,0.000000,0.144703
2026-03-31T00:08:14.563637,0.005764,0.000177,0.000000,0.140882
2026-03-31T00:08:14.568616,0.006380,0.000232,0.000000,0.141696
2026-03-31T00:08:14.569171,0.007909,-0.000032,0.000000,0.141634
2026-03-31T00:08:14.571799,0.009015,0.000100,0.000000,0.142067
2026-03-31T00:08:14.574445,0.008499,-0.000296,0.000000,0.142755
2026-03-31T00:08:14.574557,0.007742,-0.000174,0.000000,0.137138
2026-03-31T00:08:14.578015,0.007339,0.000128,0.000000,0.137572
2026-03-31T00:08:14.579998,0.009229,-0.000072,0.000000,0.138263
2026-03-31T00:08:14.582848,0.022109,0.000092,0.000000,0.136401
2026-03-31T00:08:14.582957,0.009906,-0.000040,0.000000,0.130883
2026-03-31T00:08:14.585566,0.013584,0.000148,0.000000,0.119745
2026-03-31T00:08:14.588380,0.012550,-0.000011,0.000000,0.126631
2026-03-31T00:08:14.591132,0.001266,-0.000125,0.000000,0.128777
2026-03-31T00:08:14.593792,0.003395,0.000025,0.000000,0.125329
2026-03-31T00:08:14.593908,0.007020,0.000122,0.000000,0.107925
2026-03-31T00:08:14.596622,0.013440,-0.000022,0.000000,0.131570
2026-03-31T00:08:14.599454,0.005920,0.000041,0.000000,0.127349
2026-03-31T00:08:14.602129,0.005293,-0.000030,0.000000,0.107373
2026-03-31T00:08:14.602251,0.006389,-0.000072,0.000000,0.130620
2026-03-31T00:08:14.605009,0.014242,-0.000036,0.000000,0.125048
2026-03-31T00:08:14.607748,0.004359,-0.000023,0.000000,0.130461
2026-03-31T00:08:14.610412,0.005585,-0.000060,0.000000,0.129171
2026-03-31T00:08:14.613264,0.008239,0.000305,0.000000,0.130754
2026-03-31T00:08:14.613389,0.006938,0.000161,0.000000,0.127721
2026-03-31T00:08:14.619482,0.006815,-0.000187,0.000000,0.129098
2026-03-31T00:08:14.619701,0.008256,0.000221,0.000000,0.106443
2026-03-31T00:08:14.621427,-0.000281,-0.000060,0.000000,0.126886
2026-03-31T00:08:14.621598,0.009921,-0.000130,0.000000,0.150162
2026-03-31T00:08:14.624336,0.008622,0.000070,0.000000,0.130618
2026-03-31T00:08:14.627011,0.007301,-0.000225,0.000000,0.141372
2026-03-31T00:08:14.629740,0.008504,-0.000126,0.000000,0.140269
2026-03-31T00:08:14.632637,0.005406,0.000055,0.000000,0.139403
2026-03-31T00:08:14.632749,0.010389,0.000151,0.000000,0.142002
2026-03-31T00:08:14.635305,0.009597,-0.000309,0.000000,0.141977
2026-03-31T00:08:14.638189,0.007295,-0.000118,0.000000,0.137750
2026-03-31T00:08:14.640916,0.010295,-0.000012,0.000000,0.129664
2026-03-31T00:08:14.643569,0.001452,0.000071,0.000000,0.139007
2026-03-31T00:08:14.643687,0.011897,-0.000036,0.000000,0.134580
2026-03-31T00:08:14.646435,0.010258,0.000123,0.000000,0.132601
2026-03-31T00:08:14.649189,0.013822,0.000255,0.000000,0.130419
2026-03-31T00:08:14.651787,0.004819,-0.000142,0.000000,0.124851
2026-03-31T00:08:14.651908,-0.001207,-0.000011,0.000000,0.124939
2026-03-31T00:08:14.654780,0.008066,-0.000056,0.000000,0.128433
2026-03-31T00:08:14.657523,0.005431,0.000080,0.000000,0.126455
2026-03-31T00:08:14.660088,0.010072,0.000215,0.000000,0.127908
2026-03-31T00:08:14.662876,0.012793,-0.000089,0.000000,0.110750
2026-03-31T00:08:14.663003,0.004459,-0.000008,0.000000,0.122284
2026-03-31T00:08:14.667562,0.000707,-0.000037,0.000000,0.124454
2026-03-31T00:08:14.668590,0.008073,0.000144,0.000000,0.124549
2026-03-31T00:08:14.671124,0.010576,0.000151,0.000000,0.130720
2026-03-31T00:08:14.671251,0.007912,0.000100,0.000000,0.124014
2026-03-31T00:08:14.674038,0.013913,0.000315,0.000000,0.126059
2026-03-31T00:08:14.676647,0.003159,0.000061,0.000000,0.127017
2026-03-31T00:08:14.679452,0.009963,-0.000049,0.000000,0.131273
2026-03-31T00:08:14.682320,0.004748,0.000044,0.000000,0.130675
2026-03-31T00:08:14.682448,0.016342,0.000128,0.000000,0.130359
2026-03-31T00:08:14.685018,0.016239,0.000078,0.000000,0.125340
2026-03-31T00:08:14.687842,0.008409,-0.000196,0.000000,0.129444
2026-03-31T00:08:14.690593,0.008136,-0.000113,0.000000,0.128818
2026-03-31T00:08:14.690717,0.003514,0.000136,0.000000,0.124348
2026-03-31T00:08:14.693282,0.008289,-0.000097,0.000000,0.122457
2026-03-31T00:08:14.695985,0.006847,0.000054,0.000000,0.135485
2026-03-31T00:08:14.698831,0.012519,-0.000142,0.000000,0.138340
2026-03-31T00:08:14.701493,0.012054,0.000110,0.000000,0.133748
2026-03-31T00:08:14.701617,0.005354,-0.000151,0.000000,0.135272
2026-03-31T00:08:14.704318,0.013003,0.000014,0.000000,0.134496
2026-03-31T00:08:14.707078,0.003671,0.000225,0.000000,0.133502
2026-03-31T00:08:14.709783,0.011305,-0.000141,0.000000,0.132744
2026-03-31T00:08:14.712584,0.011896,0.000287,0.000000,0.135716
2026-03-31T00:08:14.712735,0.010852,0.000102,0.000000,0.138207
2026-03-31T00:08:14.719167,0.014420,0.000053,0.000000,0.134039
2026-03-31T00:08:14.719336,0.006827,0.000059,0.000000,0.130569
2026-03-31T00:08:14.720947,0.007780,0.000032,0.000000,0.133327
2026-03-31T00:08:14.721131,0.009393,0.000042,0.000000,0.128636
2026-03-31T00:08:14.723771,0.005391,0.000003,0.000000,0.134411
2026-03-31T00:08:14.726477,0.009334,0.000187,0.000000,0.128857
2026-03-31T00:08:14.729217,0.013098,-0.000006,0.000000,0.127032
2026-03-31T00:08:14.731938,0.012163,0.000357,0.000000,0.128083
2026-03-31T00:08:14.732054,0.009881,0.000033,0.000000,0.125398
2026-03-31T00:08:14.734643,0.007663,-0.000212,0.000000,0.123943
2026-03-31T00:08:14.737479,0.014416,0.000161,0.000000,0.123206
2026-03-31T00:08:14.740259,0.006807,-0.000080,0.000000,0.125027
2026-03-31T00:08:14.740374,0.012204,0.000094,0.000000,0.127574
2026-03-31T00:08:14.742870,0.007168,-0.000200,0.000000,0.124545
2026-03-31T00:08:14.745749,0.010901,-0.000205,0.000000,0.128880
2026-03-31T00:08:14.748496,0.010025,-0.000090,0.000000,0.122923
2026-03-31T00:08:14.751110,0.008611,-0.000147,0.000000,0.123391
2026-03-31T00:08:14.751246,0.010464,0.000050,0.000000,0.121638
2026-03-31T00:08:14.753963,0.015345,-0.000011,0.000000,0.118176
2026-03-31T00:08:14.756692,0.010560,0.000049,0.000000,0.120283
2026-03-31T00:08:14.759407,0.006729,-0.000076,0.000000,0.121781
2026-03-31T00:08:14.759539,0.008735,-0.000078,0.000000,0.126025
2026-03-31T00:08:14.762254,0.011093,-0.000002,0.000000,0.127252
2026-03-31T00:08:14.764998,0.000035,-0.000057,0.000000,0.129485
2026-03-31T00:08:14.767958,0.007945,0.000004,0.000000,0.127049
2026-03-31T00:08:14.770503,0.011105,0.000006,0.000000,0.124497
2026-03-31T00:08:14.770801,0.004285,-0.000025,0.000000,0.131932
2026-03-31T00:08:14.773261,0.011588,0.000117,0.000000,0.130920
2026-03-31T00:08:14.776030,0.002368,-0.000006,0.000000,0.130880
2026-03-31T00:08:14.778809,0.013160,-0.000240,0.000000,0.144872
2026-03-31T00:08:14.781528,0.008280,0.000090,0.000000,0.146488
2026-03-31T00:08:14.781650,0.010225,-0.000171,0.000000,0.143259
2026-03-31T00:08:14.784398,0.013161,0.000031,0.000000,0.143338
2026-03-31T00:08:14.787095,0.012800,-0.000103,0.000000,0.145428
2026-03-31T00:08:14.789744,0.010413,-0.000084,0.000000,0.145497
2026-03-31T00:08:14.789853,0.008693,0.000022,0.000000,0.149560
2026-03-31T00:08:14.792613,0.012151,0.000197,0.000000,0.141643
2026-03-31T00:08:14.795487,0.007493,-0.000039,0.000000,0.135358
2026-03-31T00:08:14.798049,0.007967,-0.000030,0.000000,0.141593
2026-03-31T00:08:14.800820,0.011676,0.000125,0.000000,0.141779
2026-03-31T00:08:14.800945,0.008114,0.000045,0.000000,0.142353
2026-03-31T00:08:14.803743,0.011672,-0.000040,0.000000,0.153777
2026-03-31T00:08:14.806417,0.013270,-0.000148,0.000000,0.118156
2026-03-31T00:08:14.809112,0.009882,0.000022,0.000000,0.154317
2026-03-31T00:08:14.809253,0.010137,-0.000159,0.000000,0.147303
2026-03-31T00:08:14.811943,0.010234,0.000095,0.000000,0.142652
2026-03-31T00:08:14.814716,0.011765,0.000077,0.000000,0.143367
2026-03-31T00:08:14.819951,0.014233,-0.000071,0.000000,0.143076
2026-03-31T00:08:14.820214,0.014854,-0.000149,0.000000,0.143131
2026-03-31T00:08:14.820411,0.007440,-0.000145,0.000000,0.143265
2026-03-31T00:08:14.822975,0.006780,-0.000049,0.000000,0.141822
2026-03-31T00:08:14.825713,0.012257,-0.000049,0.000000,0.144209
2026-03-31T00:08:14.828432,0.006951,-0.000165,0.000000,0.142681
2026-03-31T00:08:14.828585,0.004634,-0.000040,0.000000,0.141743
2026-03-31T00:08:14.831236,0.010483,-0.000126,0.000000,0.141404
2026-03-31T00:08:14.833951,0.012332,-0.000151,0.000000,0.142092
2026-03-31T00:08:14.836695,0.003172,0.000101,0.000000,0.142576
2026-03-31T00:08:14.839417,0.007724,0.000031,0.000000,0.141690
2026-03-31T00:08:14.839524,0.010726,-0.000151,0.000000,0.142457
2026-03-31T00:08:14.842354,0.012413,-0.000086,0.000000,0.142508
2026-03-31T00:08:14.845026,0.008575,0.000099,0.000000,0.142544
2026-03-31T00:08:14.847691,0.009442,0.000157,0.000000,0.154939
2026-03-31T00:08:14.850494,0.009543,-0.000104,0.000000,0.161377
2026-03-31T00:08:14.850606,0.007540,-0.000297,0.000000,0.162680
2026-03-31T00:08:14.853424,0.009619,0.000144,0.000000,0.159597
2026-03-31T00:08:14.856063,0.004471,0.000075,0.000000,0.168610
2026-03-31T00:08:14.858818,0.002855,0.000023,0.000000,0.166577
2026-03-31T00:08:14.858953,0.010372,0.000133,0.000000,0.162165
2026-03-31T00:08:14.861597,0.008440,0.000095,0.000000,0.168459
2026-03-31T00:08:14.864472,0.005479,0.000242,0.000000,0.167375
2026-03-31T00:08:14.869792,0.001408,-0.000095,0.000000,0.167182
2026-03-31T00:08:14.870276,0.013435,-0.000076,0.000000,0.161369
2026-03-31T00:08:14.870706,0.010892,0.000031,0.000000,0.167380
2026-03-31T00:08:14.872619,0.014793,-0.000056,0.000000,0.168795
2026-03-31T00:08:14.875344,0.013770,0.000206,0.000000,0.166371
2026-03-31T00:08:14.878135,0.005646,0.000241,0.000000,0.166354
2026-03-31T00:08:14.878306,0.010519,-0.000105,0.000000,0.171680
2026-03-31T00:08:14.880991,0.013187,0.000073,0.000000,0.167942
2026-03-31T00:08:14.883830,0.014534,0.000138,0.000000,0.168150
2026-03-31T00:08:14.886402,0.014032,0.000033,0.000000,0.168518
2026-03-31T00:08:14.889272,0.009727,-0.000035,0.000000,0.166913
2026-03-31T00:08:14.889381,0.012157,0.000090,0.000000,0.167530
2026-03-31T00:08:14.892065,0.011723,0.000084,0.000000,0.173580
2026-03-31T00:08:14.894681,0.012023,-0.000001,0.000000,0.155837
2026-03-31T00:08:14.897418,0.027417,-0.000092,0.000000,0.167192
2026-03-31T00:08:14.897531,0.011161,0.000097,0.000000,0.168673
2026-03-31T00:08:14.900363,0.014046,0.000118,0.000000,0.167611
2026-03-31T00:08:14.903062,0.010851,-0.000182,0.000000,0.168408
2026-03-31T00:08:14.905822,0.015134,0.000208,0.000000,0.167419
2026-03-31T00:08:14.908603,0.014461,-0.000071,0.000000,0.169172
2026-03-31T00:08:14.908732,0.013748,-0.000081,0.000000,0.172842
2026-03-31T00:08:14.911269,0.012096,0.000103,0.000000,0.171830
2026-03-31T00:08:14.914028,0.012335,-0.000104,0.000000,0.173636
2026-03-31T00:08:14.920422,0.019726,-0.000002,0.000000,0.172826
2026-03-31T00:08:14.920719,0.016361,0.000034,0.000000,0.175475
2026-03-31T00:08:14.921007,0.013143,-0.000021,0.000000,0.175496
2026-03-31T00:08:14.922351,0.013411,-0.000032,0.000000,0.156548
2026-03-31T00:08:14.925088,0.013873,0.000168,0.000000,0.176180
2026-03-31T00:08:14.927751,0.014633,-0.000060,0.000000,0.175731
2026-03-31T00:08:14.927852,0.015896,-0.000130,0.000000,0.189534
2026-03-31T00:08:14.930617,0.010280,0.000142,0.000000,0.190325
2026-03-31T00:08:14.933463,0.012347,-0.000053,0.000000,0.188446
2026-03-31T00:08:14.936164,0.013111,-0.000170,0.000000,0.188764
2026-03-31T00:08:14.938776,0.014966,-0.000122,0.000000,0.192788
2026-03-31T00:08:14.938883,0.013701,-0.000153,0.000000,0.185574
2026-03-31T00:08:14.941695,0.019368,-0.000061,0.000000,0.190121
2026-03-31T00:08:14.944346,0.012836,0.000069,0.000000,0.188879
2026-03-31T00:08:14.947132,0.015730,0.000246,0.000000,0.186449
2026-03-31T00:08:14.947237,0.020292,-0.000022,0.000000,0.189880
2026-03-31T00:08:14.949934,0.014327,0.000020,0.000000,0.185951
2026-03-31T00:08:14.952643,0.015977,-0.000075,0.000000,0.184677
2026-03-31T00:08:14.955387,0.015859,0.000062,0.000000,0.184910
2026-03-31T00:08:14.958137,0.022044,0.000083,0.000000,0.188927
2026-03-31T00:08:14.958248,0.021552,0.000140,0.000000,0.186004
2026-03-31T00:08:14.960963,0.017008,-0.000126,0.000000,0.185691
2026-03-31T00:08:14.963659,0.025146,0.000046,0.000000,0.195882
2026-03-31T00:08:14.969829,0.026136,-0.000094,0.000000,0.193244
2026-03-31T00:08:14.970136,0.024619,0.000131,0.000000,0.193955
2026-03-31T00:08:14.970726,0.018427,-0.000009,0.000000,0.192439
2026-03-31T00:08:14.972012,0.029754,-0.000059,0.000000,0.192605
2026-03-31T00:08:14.974735,0.024521,0.000014,0.000000,0.193988
2026-03-31T00:08:14.977388,0.034782,0.000159,0.000000,0.199681
2026-03-31T00:08:14.977504,0.027683,0.000059,0.000000,0.200815
2026-03-31T00:08:14.980356,0.037951,-0.000126,0.000000,0.202450
2026-03-31T00:08:14.983056,0.039954,0.000086,0.000000,0.204397
2026-03-31T00:08:14.985737,0.040589,0.000038,0.000000,0.201113
2026-03-31T00:08:14.988442,0.041235,-0.000011,0.000000,0.200257
2026-03-31T00:08:14.988557,0.037929,0.000133,0.000000,0.203788
2026-03-31T00:08:14.991468,0.043077,-0.000048,0.000000,0.201148
2026-03-31T00:08:14.994039,0.042657,0.000005,0.000000,0.205089
2026-03-31T00:08:14.996763,0.040830,0.000149,0.000000,0.201878
2026-03-31T00:08:14.996868,0.049519,-0.000019,0.000000,0.217237
2026-03-31T00:08:14.999637,0.049925,-0.000039,0.000000,0.218232
2026-03-31T00:08:15.002390,0.050982,-0.000036,0.000000,0.219555
2026-03-31T00:08:15.005052,0.053243,-0.000071,0.000000,0.222371
2026-03-31T00:08:15.007850,0.054459,-0.000104,0.000000,0.208014
2026-03-31T00:08:15.007978,0.051597,0.000211,0.000000,0.224218
2026-03-31T00:08:15.010672,0.047598,0.000173,0.000000,0.234937
2026-03-31T00:08:15.013405,0.053679,-0.000213,0.000000,0.223442
2026-03-31T00:08:15.019675,0.052691,0.000185,0.000000,0.223842
2026-03-31T00:08:15.019930,0.054009,0.000081,0.000000,0.225184
2026-03-31T00:08:15.020159,0.052542,-0.000136,0.000000,0.223643
2026-03-31T00:08:15.021586,0.051504,-0.000075,0.000000,0.219645
2026-03-31T00:08:15.024364,0.052227,-0.000221,0.000000,0.224625
2026-03-31T00:08:15.027087,0.054672,-0.000081,0.000000,0.227126
2026-03-31T00:08:15.027189,0.054971,-0.000028,0.000000,0.228619
2026-03-31T00:08:15.029964,0.061434,-0.000144,0.000000,0.221509
2026-03-31T00:08:15.032723,0.048474,-0.000084,0.000000,0.221525
2026-03-31T00:08:15.035424,0.058160,-0.000098,0.000000,0.228337
2026-03-31T00:08:15.035543,0.056853,0.000173,0.000000,0.223025
2026-03-31T00:08:15.038196,0.062337,-0.000044,0.000000,0.218379
2026-03-31T00:08:15.041072,0.061563,-0.000004,0.000000,0.225688
2026-03-31T00:08:15.043744,0.064418,0.000020,0.000000,0.217574
2026-03-31T00:08:15.046442,0.064391,-0.000247,0.000000,0.225161
2026-03-31T00:08:15.046554,0.072340,-0.000001,0.000000,0.247925
2026-03-31T00:08:15.049381,0.071246,-0.000062,0.000000,0.229602
2026-03-31T00:08:15.052096,0.070031,-0.000258,0.000000,0.232847
2026-03-31T00:08:15.054692,0.073941,0.000211,0.000000,0.235569
2026-03-31T00:08:15.057609,0.081245,0.000218,0.000000,0.237891
2026-03-31T00:08:15.057736,0.075233,-0.000023,0.000000,0.234981
2026-03-31T00:08:15.060346,0.075930,-0.000028,0.000000,0.236735
2026-03-31T00:08:15.063077,0.074154,0.000032,0.000000,0.236979
2026-03-31T00:08:15.069458,0.072964,0.000120,0.000000,0.236375
2026-03-31T00:08:15.069652,0.079366,-0.000143,0.000000,0.240678
2026-03-31T00:08:15.070645,0.080059,0.000196,0.000000,0.239692
2026-03-31T00:08:15.071499,0.068473,0.000168,0.000000,0.243950
2026-03-31T00:08:15.074054,0.084038,0.000135,0.000000,0.234653
2026-03-31T00:08:15.076866,0.092678,0.000011,0.000000,0.245610
2026-03-31T00:08:15.076977,0.079237,-0.000028,0.000000,0.246764
2026-03-31T00:08:15.079656,0.106746,-0.000011,0.000000,0.247304
2026-03-31T00:08:15.082544,0.084918,-0.000144,0.000000,0.247752
2026-03-31T00:08:15.085161,0.083941,-0.000155,0.000000,0.249839
2026-03-31T00:08:15.085268,0.086126,0.000197,0.000000,0.253051
2026-03-31T00:08:15.088120,0.079715,-0.000124,0.000000,0.249333
2026-03-31T00:08:15.090816,0.081624,0.000019,0.000000,0.251006
2026-03-31T00:08:15.093461,0.080448,-0.000132,0.000000,0.248164
2026-03-31T00:08:15.096168,0.078768,-0.000088,0.000000,0.242814
2026-03-31T00:08:15.096279,0.087903,-0.000120,0.000000,0.256220
2026-03-31T00:08:15.099080,0.090616,0.000047,0.000000,0.250326
2026-03-31T00:08:15.101670,0.091295,0.000053,0.000000,0.257332
2026-03-31T00:08:15.104433,0.089363,0.000069,0.000000,0.251687
2026-03-31T00:08:15.104556,0.093351,-0.000256,0.000000,0.257934
2026-03-31T00:08:15.107348,0.092500,0.000121,0.000000,0.249205
2026-03-31T00:08:15.109963,0.092215,0.000159,0.000000,0.255446
2026-03-31T00:08:15.112729,0.104105,-0.000064,0.000000,0.259030
2026-03-31T00:08:15.119601,0.102168,-0.000040,0.000000,0.260428
2026-03-31T00:08:15.119855,0.106604,-0.000303,0.000000,0.267635
2026-03-31T00:08:15.120059,0.104170,0.000113,0.000000,0.259642
2026-03-31T00:08:15.121164,0.100553,0.000170,0.000000,0.259080
2026-03-31T00:08:15.123772,0.108256,-0.000097,0.000000,0.263357
2026-03-31T00:08:15.126489,0.100084,0.000150,0.000000,0.262002
2026-03-31T00:08:15.126624,0.109161,-0.000129,0.000000,0.260043
2026-03-31T00:08:15.129285,0.109367,-0.000100,0.000000,0.260574
2026-03-31T00:08:15.132124,0.103254,0.000109,0.000000,0.268207
2026-03-31T00:08:15.134822,0.113126,0.000126,0.000000,0.267354
2026-03-31T00:08:15.134925,0.113959,-0.000090,0.000000,0.270778
2026-03-31T00:08:15.137569,0.117370,-0.000041,0.000000,0.267557
2026-03-31T00:08:15.140473,0.112958,-0.000045,0.000000,0.270682
2026-03-31T00:08:15.143085,0.111659,-0.000141,0.000000,0.271786
2026-03-31T00:08:15.145811,0.114416,-0.000034,0.000000,0.270223
2026-03-31T00:08:15.145927,0.109341,-0.000116,0.000000,0.270856
2026-03-31T00:08:15.148707,0.117507,0.000015,0.000000,0.279588
2026-03-31T00:08:15.151393,0.117338,-0.000130,0.000000,0.278624
2026-03-31T00:08:15.154077,0.115111,-0.000008,0.000000,0.280554
2026-03-31T00:08:15.154187,0.116286,-0.000004,0.000000,0.278665
2026-03-31T00:08:15.157037,0.118302,-0.000005,0.000000,0.276051
2026-03-31T00:08:15.159739,0.115807,-0.000101,0.000000,0.279732
2026-03-31T00:08:15.162522,0.114339,0.000166,0.000000,0.288645
2026-03-31T00:08:15.165130,0.112977,0.000107,0.000000,0.290009
2026-03-31T00:08:15.165265,0.117362,-0.000057,0.000000,0.282056
2026-03-31T00:08:15.168703,0.118911,0.000270,0.000000,0.287608
2026-03-31T00:08:15.170955,0.117465,-0.000136,0.000000,0.291875
2026-03-31T00:08:15.173429,0.116568,0.000163,0.000000,0.291765
2026-03-31T00:08:15.173550,0.116240,-0.000009,0.000000,0.294603
2026-03-31T00:08:15.176258,0.115578,0.000178,0.000000,0.294381
2026-03-31T00:08:15.178970,0.118380,0.000185,0.000000,0.296031
2026-03-31T00:08:15.181886,0.116348,-0.000043,0.000000,0.301313
2026-03-31T00:08:15.184421,0.115235,0.000112,0.000000,0.300595
2026-03-31T00:08:15.184532,0.121416,0.000010,0.000000,0.296723
2026-03-31T00:08:15.187280,0.121839,-0.000104,0.000000,0.298877
2026-03-31T00:08:15.190146,0.123482,-0.000017,0.000000,0.295725
2026-03-31T00:08:15.192737,0.117228,-0.000020,0.000000,0.298390
2026-03-31T00:08:15.195532,0.118129,-0.000234,0.000000,0.296565
2026-03-31T00:08:15.195652,0.121869,0.000061,0.000000,0.298768
2026-03-31T00:08:15.198424,0.115889,0.000209,0.000000,0.299878
2026-03-31T00:08:15.200978,0.118853,0.000005,0.000000,0.308783
2026-03-31T00:08:15.203736,0.113757,-0.000238,0.000000,0.300687
2026-03-31T00:08:15.203860,0.120708,-0.000168,0.000000,0.301375
2026-03-31T00:08:15.206691,0.118191,-0.000296,0.000000,0.306217
2026-03-31T00:08:15.209347,0.118900,0.000246,0.000000,0.304845
2026-03-31T00:08:15.212070,0.123320,0.000103,0.000000,0.300940
2026-03-31T00:08:15.214751,0.105038,0.000165,0.000000,0.316461
2026-03-31T00:08:15.214873,0.115871,0.000142,0.000000,0.308505
2026-03-31T00:08:15.219230,0.115753,0.000024,0.000000,0.312916
2026-03-31T00:08:15.220436,0.115192,0.000141,0.000000,0.311935
2026-03-31T00:08:15.223066,0.116558,-0.000082,0.000000,0.315778
2026-03-31T00:08:15.223180,0.116885,0.000095,0.000000,0.313521
2026-03-31T00:08:15.225922,0.122732,-0.000043,0.000000,0.312872
2026-03-31T00:08:15.228576,0.118482,-0.000054,0.000000,0.315003
2026-03-31T00:08:15.231397,0.122541,-0.000058,0.000000,0.312844
2026-03-31T00:08:15.234082,0.111267,-0.000091,0.000000,0.314433
2026-03-31T00:08:15.234200,0.120034,-0.000110,0.000000,0.325779
2026-03-31T00:08:15.237025,0.117175,-0.000142,0.000000,0.321145
2026-03-31T00:08:15.239768,0.121654,0.000123,0.000000,0.331914
2026-03-31T00:08:15.242496,0.121163,0.000023,0.000000,0.336038
2026-03-31T00:08:15.242621,0.113957,0.000023,0.000000,0.324688
2026-03-31T00:08:15.245275,0.122757,0.000194,0.000000,0.323584
2026-03-31T00:08:15.248024,0.129282,-0.000095,0.000000,0.323655
2026-03-31T00:08:15.250707,0.116684,0.000072,0.000000,0.322112
2026-03-31T00:08:15.253422,0.115145,0.000020,0.000000,0.324912
2026-03-31T00:08:15.253559,0.117501,-0.000164,0.000000,0.324289
2026-03-31T00:08:15.256261,0.114701,0.000038,0.000000,0.322980
2026-03-31T00:08:15.259049,0.113611,0.000087,0.000000,0.323331
2026-03-31T00:08:15.261794,0.114069,-0.000012,0.000000,0.337061
2026-03-31T00:08:15.264532,0.114058,0.000027,0.000000,0.322892
2026-03-31T00:08:15.264665,0.118439,-0.000002,0.000000,0.331636
2026-03-31T00:08:15.269018,0.110674,-0.000177,0.000000,0.324564
2026-03-31T00:08:15.270171,0.109577,-0.000039,0.000000,0.329250
2026-03-31T00:08:15.272745,0.109542,0.000015,0.000000,0.330752
2026-03-31T00:08:15.272865,0.112007,-0.000068,0.000000,0.340858
2026-03-31T00:08:15.275547,0.107158,0.000040,0.000000,0.331327
2026-03-31T00:08:15.278430,0.103070,-0.000018,0.000000,0.326986
2026-03-31T00:08:15.281063,0.098264,0.000202,0.000000,0.327783
2026-03-31T00:08:15.283741,0.096942,0.000004,0.000000,0.320848
2026-03-31T00:08:15.283851,0.095745,0.000129,0.000000,0.304984
2026-03-31T00:08:15.286607,0.099178,0.000016,0.000000,0.325828
2026-03-31T00:08:15.289399,0.099295,0.000093,0.000000,0.326433
2026-03-31T00:08:15.292128,0.098093,0.005908,0.000000,0.326240
2026-03-31T00:08:15.292238,0.089674,0.002018,0.000000,0.321268
2026-03-31T00:08:15.294899,0.086656,0.002161,0.000000,0.326190
2026-03-31T00:08:15.297615,0.089727,0.006011,0.000000,0.323878
2026-03-31T00:08:15.300490,0.087628,0.005796,0.000000,0.325873
2026-03-31T00:08:15.303084,0.086177,0.009951,0.000000,0.332484
2026-03-31T00:08:15.303207,0.082682,0.007019,0.000000,0.323175
2026-03-31T00:08:15.305998,0.081737,0.013035,0.000000,0.324890
2026-03-31T00:08:15.308752,0.079694,0.010874,0.000000,0.325924
2026-03-31T00:08:15.311462,0.082118,0.010129,0.000000,0.336672
2026-03-31T00:08:15.311588,0.079906,0.007997,0.000000,0.330353
2026-03-31T00:08:15.314375,0.080508,0.005887,0.000000,0.332658
2026-03-31T00:08:15.320529,0.075149,0.012842,0.000000,0.322335
2026-03-31T00:08:15.320790,0.071423,-0.000107,0.000000,0.322744
2026-03-31T00:08:15.322511,0.073044,0.017204,0.000000,0.329410
2026-03-31T00:08:15.322624,0.064922,0.010923,0.000000,0.321497
2026-03-31T00:08:15.325253,0.068707,0.012812,0.000000,0.320378
2026-03-31T00:08:15.328049,0.061387,0.013041,0.000000,0.325521
2026-03-31T00:08:15.330887,0.067343,0.013055,0.000000,0.326239
2026-03-31T00:08:15.333536,0.055582,0.014791,0.000000,0.329928
2026-03-31T00:08:15.333656,0.058643,0.015975,0.000000,0.330576
2026-03-31T00:08:15.336274,0.060607,0.015208,0.000000,0.328783
2026-03-31T00:08:15.339151,0.061544,0.013070,0.000000,0.324800
2026-03-31T00:08:15.341867,0.052000,0.013925,0.000000,0.332529
2026-03-31T00:08:15.341977,0.050717,0.013040,0.000000,0.332405
2026-03-31T00:08:15.344684,0.057489,0.014973,0.000000,0.332388
2026-03-31T00:08:15.347459,0.057251,0.014120,0.000000,0.337155
2026-03-31T00:08:15.350139,0.046706,0.022075,0.000000,0.331372
2026-03-31T00:08:15.352812,0.047776,0.019975,0.000000,0.326875
2026-03-31T00:08:15.352924,0.046196,0.018003,0.000000,0.328919
2026-03-31T00:08:15.355742,0.045723,0.020123,0.000000,0.328924
2026-03-31T00:08:15.358472,0.044236,0.014967,0.000000,0.327971
2026-03-31T00:08:15.361086,0.047063,0.022944,0.000000,0.326539
2026-03-31T00:08:15.361224,0.042994,0.017266,0.000000,0.336408
2026-03-31T00:08:15.364020,0.046688,0.016818,0.000000,0.336189
2026-03-31T00:08:15.370334,0.037872,0.026149,0.000000,0.334298
2026-03-31T00:08:15.370502,0.037420,0.022047,0.000000,0.338568
2026-03-31T00:08:15.372168,0.041577,0.026209,0.000000,0.334173
2026-03-31T00:08:15.372337,0.041084,0.038851,0.000000,0.334589
2026-03-31T00:08:15.374996,0.038577,0.023973,0.000000,0.334438
2026-03-31T00:08:15.377737,0.039536,0.025903,0.000000,0.340019
2026-03-31T00:08:15.380594,0.039391,0.025780,0.000000,0.337227
2026-03-31T00:08:15.380697,0.037568,0.023160,0.000000,0.340183
2026-03-31T00:08:15.383343,0.039980,0.026039,0.000000,0.353155
2026-03-31T00:08:15.385954,0.031948,0.026955,0.000000,0.347375
2026-03-31T00:08:15.388769,0.032730,0.026934,0.000000,0.353301
2026-03-31T00:08:15.391510,0.037645,0.027378,0.000000,0.349449
2026-03-31T00:08:15.391628,0.027202,0.025204,0.000000,0.352277
2026-03-31T00:08:15.394372,0.028939,0.025816,0.000000,0.347416
2026-03-31T00:08:15.397148,0.031482,0.010066,0.000000,0.353467
2026-03-31T00:08:15.399787,0.028851,0.022962,0.000000,0.362317
2026-03-31T00:08:15.402500,0.026527,0.024390,0.000000,0.364073
2026-03-31T00:08:15.402685,0.028901,0.022983,0.000000,0.364205
2026-03-31T00:08:15.405320,0.026122,0.020994,0.000000,0.362065
2026-03-31T00:08:15.408117,0.029741,0.021003,0.000000,0.369841
2026-03-31T00:08:15.410776,0.029963,0.020805,0.000000,0.366449
2026-03-31T00:08:15.410904,0.027562,0.025050,0.000000,0.373202
2026-03-31T00:08:15.413618,0.026483,0.023020,0.000000,0.373529
2026-03-31T00:08:15.420592,0.025445,0.027078,0.000000,0.380855
2026-03-31T00:08:15.420968,0.024848,0.030948,0.000000,0.391030
2026-03-31T00:08:15.421738,0.025654,0.026794,0.000000,0.383873
2026-03-31T00:08:15.421914,0.023581,0.030735,0.000000,0.393616
2026-03-31T00:08:15.424650,0.031481,0.031093,0.000000,0.380624
2026-03-31T00:08:15.427414,0.020789,0.031213,0.000000,0.376174
2026-03-31T00:08:15.430320,0.009009,0.027081,0.000000,0.382408
2026-03-31T00:08:15.430501,0.020809,0.038340,0.000000,0.386704
2026-03-31T00:08:15.433002,0.019162,0.027909,0.000000,0.377125
2026-03-31T00:08:15.435696,0.023015,0.022087,0.000000,0.375402
2026-03-31T00:08:15.438363,0.015984,0.010019,0.000000,0.380989
2026-03-31T00:08:15.441248,0.019434,0.030846,0.000000,0.368696
2026-03-31T00:08:15.441354,0.021172,0.023624,0.000000,0.378740
2026-03-31T00:08:15.443987,0.023003,0.025883,0.000000,0.368716
2026-03-31T00:08:15.446721,0.019603,0.030230,0.000000,0.387095
2026-03-31T00:08:15.449502,0.024208,0.024146,0.000000,0.384895
2026-03-31T00:08:15.449608,0.014329,0.028337,0.000000,0.396387
2026-03-31T00:08:15.452240,0.014172,0.031170,0.000000,0.381908
2026-03-31T00:08:15.454997,0.021583,0.032914,0.000000,0.381135
2026-03-31T00:08:15.457782,0.015871,0.030908,0.000000,0.382749
2026-03-31T00:08:15.460413,0.019849,0.042660,0.000000,0.382001
2026-03-31T00:08:15.460523,0.017601,0.030900,0.000000,0.380616
2026-03-31T00:08:15.463305,0.013377,0.036856,0.000000,0.382505
2026-03-31T00:08:15.470243,0.019425,0.033967,0.000000,0.378331
2026-03-31T00:08:15.470439,0.017978,0.037027,0.000000,0.381166
2026-03-31T00:08:15.471646,0.013872,0.031045,0.000000,0.383800
2026-03-31T00:08:15.472048,0.014374,0.035107,0.000000,0.381351
2026-03-31T00:08:15.474367,0.012785,0.030800,0.000000,0.368794
2026-03-31T00:08:15.477030,0.015455,0.039188,0.000000,0.383667
2026-03-31T00:08:15.479907,0.018217,0.031851,0.000000,0.382290
2026-03-31T00:08:15.480010,0.020406,0.037908,0.000000,0.385917
2026-03-31T00:08:15.482720,0.014491,0.038759,0.000000,0.380437
2026-03-31T00:08:15.485373,0.013193,0.041923,0.000000,0.373971
2026-03-31T00:08:15.488033,0.015975,0.034924,0.000000,0.374246
2026-03-31T00:08:15.490857,0.012345,0.038921,0.000000,0.380065
2026-03-31T00:08:15.490968,0.013930,0.040777,0.000000,0.372359
2026-03-31T00:08:15.493610,0.011678,0.038956,0.000000,0.377096
2026-03-31T00:08:15.496368,0.012615,0.043873,0.000000,0.366515
2026-03-31T00:08:15.499242,0.014234,0.039085,0.000000,0.375323
2026-03-31T00:08:15.499355,0.013168,0.041802,0.000000,0.377925
2026-03-31T00:08:15.501924,0.012960,0.040376,0.000000,0.381270
2026-03-31T00:08:15.504642,0.009189,0.054160,0.000000,0.379165
2026-03-31T00:08:15.507499,0.027825,0.042926,0.000000,0.382805
2026-03-31T00:08:15.510129,0.011496,0.047392,0.000000,0.376804
2026-03-31T00:08:15.510242,0.014764,0.046107,0.000000,0.376242
2026-03-31T00:08:15.513010,0.011291,0.048017,0.000000,0.372769
2026-03-31T00:08:15.519570,0.012559,0.049259,0.000000,0.375691
2026-03-31T00:08:15.519757,0.010670,0.048882,0.000000,0.369058
2026-03-31T00:08:15.519940,0.013702,0.042655,0.000000,0.365328
2026-03-31T00:08:15.521286,0.009202,0.043941,0.000000,0.373769
2026-03-31T00:08:15.523967,0.010507,0.043599,0.000000,0.367301
2026-03-31T00:08:15.526640,0.022991,0.045881,0.000000,0.370998
2026-03-31T00:08:15.529547,0.012322,0.043036,0.000000,0.366526
2026-03-31T00:08:15.529657,0.012156,0.047860,0.000000,0.373580
2026-03-31T00:08:15.532334,0.010022,0.047980,0.000000,0.373735
2026-03-31T00:08:15.535077,0.007591,0.048991,0.000000,0.361950
2026-03-31T00:08:15.537871,0.013751,0.052268,0.000000,0.362511
2026-03-31T00:08:15.540606,0.006326,0.039065,0.000000,0.366915
2026-03-31T00:08:15.540725,0.007765,0.053168,0.000000,0.370697
2026-03-31T00:08:15.543437,0.010787,0.050063,0.000000,0.364474
2026-03-31T00:08:15.545976,0.009332,0.051944,0.000000,0.361449
2026-03-31T00:08:15.548917,0.010040,0.051852,0.000000,0.360174
2026-03-31T00:08:15.549025,0.009575,0.053476,0.000000,0.355777
2026-03-31T00:08:15.551572,0.007240,0.060266,0.000000,0.360404
2026-03-31T00:08:15.554326,0.007183,0.056033,0.000000,0.349707
2026-03-31T00:08:15.557195,0.014715,0.057104,0.000000,0.352625
2026-03-31T00:08:15.559770,0.008998,0.051125,0.000000,0.357358
2026-03-31T00:08:15.559886,0.011381,0.056033,0.000000,0.357883
2026-03-31T00:08:15.562612,0.006115,0.052088,0.000000,0.347793
2026-03-31T00:08:15.569426,0.013294,0.051922,0.000000,0.357546
2026-03-31T00:08:15.569625,0.007357,0.055751,0.000000,0.370469
2026-03-31T00:08:15.569916,0.000575,0.063752,0.000000,0.362393
2026-03-31T00:08:15.570988,0.001415,0.055864,0.000000,0.355371
2026-03-31T00:08:15.573696,0.004819,0.053990,0.000000,0.367728
2026-03-31T00:08:15.576364,0.018506,0.064814,0.000000,0.381171
2026-03-31T00:08:15.579152,0.013290,0.060261,0.000000,0.358553
2026-03-31T00:08:15.579261,0.006232,0.061305,0.000000,0.370516
2026-03-31T00:08:15.582138,0.007645,0.063764,0.000000,0.359426
2026-03-31T00:08:15.584759,0.009680,0.063724,0.000000,0.350528
2026-03-31T00:08:15.588011,0.011081,0.064281,0.000000,0.330473
2026-03-31T00:08:15.588118,0.014507,0.064064,0.000000,0.347665
2026-03-31T00:08:15.590412,0.011484,0.063789,0.000000,0.347381
2026-03-31T00:08:15.592949,0.013664,0.064195,0.000000,0.346354
2026-03-31T00:08:15.595832,0.006323,0.066004,0.000000,0.346172
2026-03-31T00:08:15.598692,-0.000835,0.064252,0.000000,0.350927
2026-03-31T00:08:15.598805,0.007175,0.063719,0.000000,0.342712
2026-03-31T00:08:15.601360,0.009921,0.067944,0.000000,0.345738
2026-03-31T00:08:15.604240,0.006971,0.065774,0.000000,0.356044
2026-03-31T00:08:15.606988,0.010058,0.068821,0.000000,0.345403
2026-03-31T00:08:15.609586,0.009783,0.066081,0.000000,0.348068
2026-03-31T00:08:15.609720,0.004833,0.068629,0.000000,0.346124
2026-03-31T00:08:15.612474,0.007942,0.066561,0.000000,0.343463
2026-03-31T00:08:15.618988,0.007131,0.066205,0.000000,0.339186
2026-03-31T00:08:15.619140,0.001777,0.070128,0.000000,0.338331
2026-03-31T00:08:15.619368,0.013894,0.072902,0.000000,0.335831
2026-03-31T00:08:15.620564,0.014647,0.072066,0.000000,0.334365
2026-03-31T00:08:15.623452,0.017261,0.073115,0.000000,0.337403
2026-03-31T00:08:15.626029,0.013005,0.076879,0.000000,0.332411
2026-03-31T00:08:15.629036,0.015541,0.077207,0.000000,0.331758
2026-03-31T00:08:15.629158,0.018960,0.078343,0.000000,0.299937
2026-03-31T00:08:15.631882,0.020211,0.079693,0.000000,0.330827
2026-03-31T00:08:15.634591,0.027754,0.080977,0.000000,0.327186
2026-03-31T00:08:15.637338,0.035250,0.080961,0.000000,0.320945
2026-03-31T00:08:15.637445,0.038526,0.081225,0.000000,0.320687
2026-03-31T00:08:15.640151,0.038913,0.084726,0.000000,0.320096
2026-03-31T00:08:15.642850,0.038263,0.077249,0.000000,0.324782
2026-03-31T00:08:15.645592,0.038427,0.080985,0.000000,0.337602
2026-03-31T00:08:15.648221,0.038228,0.081633,0.000000,0.326157
2026-03-31T00:08:15.648337,0.038104,0.085264,0.000000,0.331648
2026-03-31T00:08:15.650911,0.053369,0.085024,0.000000,0.321231
2026-03-31T00:08:15.653748,0.060021,0.088584,0.000000,0.317707
2026-03-31T00:08:15.656521,0.052835,0.086301,0.000000,0.321205
2026-03-31T00:08:15.656644,0.058199,0.088613,0.000000,0.321331
2026-03-31T00:08:15.659324,0.054835,0.080056,0.000000,0.297856
2026-03-31T00:08:15.662151,0.060265,0.085208,0.000000,0.315308
2026-03-31T00:08:15.664970,0.065218,0.088224,0.000000,0.322808
2026-03-31T00:08:15.669939,0.062436,0.088105,0.000000,0.312727
2026-03-31T00:08:15.670238,0.077325,0.090184,0.000000,0.338955
2026-03-31T00:08:15.670498,0.078687,0.097716,0.000000,0.309710
2026-03-31T00:08:15.673178,0.084172,0.091199,0.000000,0.306938
2026-03-31T00:08:15.675828,0.082816,0.091233,0.000000,0.312198
2026-03-31T00:08:15.678769,0.082012,0.089529,0.000000,0.321194
2026-03-31T00:08:15.678928,0.083982,0.095754,0.000000,0.309020
2026-03-31T00:08:15.681489,0.083549,0.093010,0.000000,0.308418
2026-03-31T00:08:15.684255,0.088710,0.093544,0.000000,0.306144
2026-03-31T00:08:15.687011,0.104044,0.099231,0.000000,0.310479
2026-03-31T00:08:15.687124,0.104221,0.098083,0.000000,0.306053
2026-03-31T00:08:15.689643,0.105016,0.098281,0.000000,0.306151
2026-03-31T00:08:15.692483,0.105210,0.098174,0.000000,0.305818
2026-03-31T00:08:15.695041,0.102937,0.097598,0.000000,0.304729
2026-03-31T00:08:15.697796,0.107316,0.097403,0.000000,0.298894
2026-03-31T00:08:15.697909,0.109296,0.094054,0.000000,0.301729
2026-03-31T00:08:15.700704,0.106222,0.095367,0.000000,0.298324
2026-03-31T00:08:15.703317,0.128773,0.101932,0.000000,0.296041
2026-03-31T00:08:15.706050,0.129032,0.103512,0.000000,0.294101
2026-03-31T00:08:15.706175,0.132519,0.102779,0.000000,0.303111
2026-03-31T00:08:15.708993,0.127839,0.104032,0.000000,0.294118
2026-03-31T00:08:15.711693,0.136667,0.103041,0.000000,0.295559
2026-03-31T00:08:15.714333,0.126893,0.103694,0.000000,0.296428
2026-03-31T00:08:15.719729,0.135866,0.106567,0.000000,0.296509
2026-03-31T00:08:15.720397,0.151271,0.106156,0.000000,0.294123
2026-03-31T00:08:15.720604,0.151437,0.109234,0.000000,0.293725
2026-03-31T00:08:15.722597,0.157402,0.107954,0.000000,0.293143
2026-03-31T00:08:15.725398,0.151248,0.108314,0.000000,0.293751
2026-03-31T00:08:15.725509,0.126719,0.102097,0.000000,0.288700
2026-03-31T00:08:15.728347,0.155388,0.102493,0.000000,0.296321
2026-03-31T00:08:15.731006,0.156212,0.105505,0.000000,0.287877
2026-03-31T00:08:15.733790,0.158939,0.103578,0.000000,0.284502
2026-03-31T00:08:15.736426,0.167816,0.102526,0.000000,0.272558
2026-03-31T00:08:15.736535,0.166417,0.104212,0.000000,0.273028
2026-03-31T00:08:15.739285,0.164439,0.103217,0.000000,0.272886
2026-03-31T00:08:15.742052,0.170550,0.095213,0.000000,0.272465
2026-03-31T00:08:15.744781,0.164598,0.103420,0.000000,0.269897
2026-03-31T00:08:15.747558,0.171129,0.103945,0.000000,0.274230
2026-03-31T00:08:15.747693,0.173187,0.104603,0.000000,0.272026
2026-03-31T00:08:15.750460,0.176834,0.116837,0.000000,0.270925
2026-03-31T00:08:15.753035,0.188685,0.104244,0.000000,0.262275
2026-03-31T00:08:15.755793,0.193856,0.106247,0.000000,0.267508
2026-03-31T00:08:15.755918,0.190108,0.105839,0.000000,0.270699
2026-03-31T00:08:15.758659,0.193925,0.105739,0.000000,0.263192
2026-03-31T00:08:15.761341,0.194614,0.105448,0.000000,0.262002
2026-03-31T00:08:15.764068,0.190935,0.102915,0.000000,0.259724
2026-03-31T00:08:15.770120,0.193056,0.103773,0.000000,0.270866
2026-03-31T00:08:15.770543,0.199595,0.101288,0.000000,0.258620
2026-03-31T00:08:15.770756,0.211747,0.110277,0.000000,0.255342
2026-03-31T00:08:15.772345,0.209001,0.108716,0.000000,0.255624
2026-03-31T00:08:15.775074,0.204975,0.107050,0.000000,0.247914
2026-03-31T00:08:15.775208,0.211453,0.105731,0.000000,0.251832
2026-03-31T00:08:15.777841,0.212151,0.106971,0.000000,0.246372
2026-03-31T00:08:15.780613,0.201505,0.107619,0.000000,0.251340
2026-03-31T00:08:15.783456,0.217899,0.105537,0.000000,0.237924
2026-03-31T00:08:15.786141,0.224958,0.108221,0.000000,0.252955
2026-03-31T00:08:15.786256,0.229949,0.104386,0.000000,0.250124
2026-03-31T00:08:15.788929,0.245627,0.106549,0.000000,0.254657
2026-03-31T00:08:15.791826,0.235853,0.105087,0.000000,0.251246
2026-03-31T00:08:15.794389,0.244377,0.106829,0.000000,0.249869
2026-03-31T00:08:15.794503,0.238921,0.107093,0.000000,0.248519
2026-03-31T00:08:15.797148,0.244542,0.105875,0.000000,0.251647
2026-03-31T00:08:15.799989,0.245421,0.107803,0.000000,0.253680
2026-03-31T00:08:15.802615,0.263564,0.105933,0.000000,0.243337
2026-03-31T00:08:15.805435,0.256605,0.107254,0.000000,0.237777
2026-03-31T00:08:15.805570,0.261019,0.105466,0.000000,0.238363
2026-03-31T00:08:15.808240,0.266986,0.104537,0.000000,0.242810
2026-03-31T00:08:15.811016,0.269905,0.103183,0.000000,0.237043
2026-03-31T00:08:15.813730,0.270395,0.105285,0.000000,0.233949
2026-03-31T00:08:15.820163,0.271061,0.103976,0.000000,0.234683
2026-03-31T00:08:15.820390,0.269613,0.103489,0.000000,0.233419
2026-03-31T00:08:15.820619,0.292624,0.102864,0.000000,0.223256
2026-03-31T00:08:15.822152,0.298165,0.099596,0.000000,0.224744
2026-03-31T00:08:15.824762,0.301631,0.097854,0.000000,0.222272
2026-03-31T00:08:15.824874,0.300519,0.097481,0.000000,0.222980
2026-03-31T00:08:15.827528,0.301763,0.103489,0.000000,0.225024
2026-03-31T00:08:15.830308,0.305351,0.101869,0.000000,0.223112
2026-03-31T00:08:15.833126,0.306579,0.102903,0.000000,0.226392
2026-03-31T00:08:15.835767,0.316499,0.101134,0.000000,0.225485
2026-03-31T00:08:15.835878,0.324364,0.098729,0.000000,0.220927
2026-03-31T00:08:15.838591,0.328284,0.101521,0.000000,0.218593
2026-03-31T00:08:15.841446,0.329357,0.098655,0.000000,0.219930
2026-03-31T00:08:15.844067,0.328514,0.101098,0.000000,0.218666
2026-03-31T00:08:15.844177,0.333719,0.098411,0.000000,0.220268
2026-03-31T00:08:15.846818,0.340331,0.096001,0.000000,0.218444
2026-03-31T00:08:15.849721,0.335515,0.100588,0.000000,0.218639
2026-03-31T00:08:15.852413,0.340127,0.098037,0.000000,0.217566
2026-03-31T00:08:15.855112,0.358184,0.098335,0.000000,0.220031
2026-03-31T00:08:15.855242,0.359391,0.091276,0.000000,0.219696
2026-03-31T00:08:15.857963,0.368184,0.101919,0.000000,0.218767
2026-03-31T00:08:15.860674,0.366779,0.096213,0.000000,0.217043
2026-03-31T00:08:15.863392,0.365643,0.092335,0.000000,0.217697
2026-03-31T00:08:15.863517,0.369625,0.102688,0.000000,0.213346
2026-03-31T00:08:15.869908,0.369751,0.102959,0.000000,0.217882
2026-03-31T00:08:15.870134,0.387006,0.111378,0.000000,0.203979
2026-03-31T00:08:15.871690,0.381902,0.092072,0.000000,0.204749
2026-03-31T00:08:15.874399,0.396230,0.093474,0.000000,0.209992
2026-03-31T00:08:15.874509,0.392244,0.090102,0.000000,0.213210
2026-03-31T00:08:15.877194,0.398278,0.098009,0.000000,0.196338
2026-03-31T00:08:15.879898,0.400997,0.092220,0.000000,0.212918
2026-03-31T00:08:15.882773,0.401656,0.089768,0.000000,0.213841
2026-03-31T00:08:15.885464,0.399262,0.077289,0.000000,0.205421
2026-03-31T00:08:15.885578,0.422471,0.090128,0.000000,0.210610
2026-03-31T00:08:15.888283,0.409481,0.092032,0.000000,0.208380
2026-03-31T00:08:15.891041,0.426236,0.088075,0.000000,0.207705
2026-03-31T00:08:15.893762,0.425601,0.092967,0.000000,0.208514
2026-03-31T00:08:15.893879,0.428543,0.090179,0.000000,0.204809
2026-03-31T00:08:15.896534,0.426960,0.089921,0.000000,0.204365
2026-03-31T00:08:15.899453,0.434086,0.090113,0.000000,0.204838
2026-03-31T00:08:15.902084,0.432768,0.089495,0.000000,0.202573
2026-03-31T00:08:15.904835,0.449618,0.082982,0.000000,0.225918
2026-03-31T00:08:15.904963,0.449357,0.085367,0.000000,0.198978
2026-03-31T00:08:15.907697,0.451300,0.086457,0.000000,0.202191
2026-03-31T00:08:15.910380,0.450868,0.085130,0.000000,0.185839
2026-03-31T00:08:15.913042,0.452540,0.085023,0.000000,0.196591
2026-03-31T00:08:15.913169,0.451265,0.082779,0.000000,0.196167
2026-03-31T00:08:15.920042,0.453992,0.088794,0.000000,0.197277
2026-03-31T00:08:15.920223,0.457013,0.086954,0.000000,0.189152
2026-03-31T00:08:15.921400,0.475379,0.081905,0.000000,0.198048
2026-03-31T00:08:15.924096,0.475343,0.084717,0.000000,0.193947
2026-03-31T00:08:15.924210,0.481033,0.085040,0.000000,0.199009
2026-03-31T00:08:15.926881,0.479950,0.081595,0.000000,0.194194
2026-03-31T00:08:15.929720,0.484886,0.084888,0.000000,0.194659
2026-03-31T00:08:15.932566,0.489981,0.083214,0.000000,0.197637
2026-03-31T00:08:15.932667,0.489496,0.083138,0.000000,0.180136
2026-03-31T00:08:15.935186,0.499560,0.083244,0.000000,0.197576
2026-03-31T00:08:15.937909,0.524574,0.079338,0.000000,0.192201
2026-03-31T00:08:15.940865,0.522702,0.077904,0.000000,0.191375
2026-03-31T00:08:15.943369,0.520557,0.080523,0.000000,0.193539
2026-03-31T00:08:15.943478,0.522875,0.081789,0.000000,0.193296
2026-03-31T00:08:15.946260,0.528268,0.083199,0.000000,0.188631
2026-03-31T00:08:15.949069,0.530530,0.083747,0.000000,0.188874
2026-03-31T00:08:15.951758,0.527138,0.081375,0.000000,0.185998
2026-03-31T00:08:15.954479,0.543995,0.081166,0.000000,0.188739
2026-03-31T00:08:15.954602,0.548924,0.080731,0.000000,0.187205
2026-03-31T00:08:15.957393,0.552294,0.078860,0.000000,0.189127
2026-03-31T00:08:15.960042,0.560820,0.083067,0.000000,0.187411
2026-03-31T00:08:15.962726,0.551072,0.070103,0.000000,0.184575
2026-03-31T00:08:15.962857,0.556599,0.078303,0.000000,0.186722
2026-03-31T00:08:15.969980,0.554839,0.079843,0.000000,0.185800
2026-03-31T00:08:15.970154,0.554926,0.079127,0.000000,0.192289
2026-03-31T00:08:15.971199,0.572534,0.073198,0.000000,0.185152
2026-03-31T00:08:15.973817,0.572644,0.072418,0.000000,0.184959
2026-03-31T00:08:15.973926,0.577648,0.072497,0.000000,0.198959
2026-03-31T00:08:15.976560,0.581546,0.072604,0.000000,0.188359
2026-03-31T00:08:15.979371,0.581789,0.072145,0.000000,0.192676
2026-03-31T00:08:15.982216,0.579172,0.075831,0.000000,0.190480
2026-03-31T00:08:15.982317,0.589526,0.069016,0.000000,0.192492
2026-03-31T00:08:15.984838,0.574999,0.073145,0.000000,0.185399
2026-03-31T00:08:15.987709,0.616421,0.069103,0.000000,0.207083
2026-03-31T00:08:15.990466,0.616449,0.072250,0.000000,0.181902
2026-03-31T00:08:15.993059,0.616041,0.069136,0.000000,0.193900
2026-03-31T00:08:15.993168,0.622626,0.071656,0.000000,0.192277
2026-03-31T00:08:15.995964,0.626883,0.070582,0.000000,0.193310
2026-03-31T00:08:15.998658,0.629143,0.069976,0.000000,0.192491
2026-03-31T00:08:16.001395,0.631474,0.067822,0.000000,0.192200
2026-03-31T00:08:16.001516,0.637508,0.068035,0.000000,0.185762
2026-03-31T00:08:16.004213,0.656749,0.072902,0.000000,0.175749
2026-03-31T00:08:16.006980,0.659242,0.073163,0.000000,0.182154
2026-03-31T00:08:16.009703,0.657704,0.074924,0.000000,0.177678
2026-03-31T00:08:16.012425,0.661628,0.076218,0.000000,0.172077
2026-03-31T00:08:16.012555,0.672271,0.070088,0.000000,0.173068
2026-03-31T00:08:16.015284,0.664844,0.068009,0.000000,0.175095
2026-03-31T00:08:16.020075,0.666625,0.069090,0.000000,0.168737
2026-03-31T00:08:16.020672,0.681697,0.064858,0.000000,0.168220
2026-03-31T00:08:16.023394,0.683400,0.068053,0.000000,0.172750
2026-03-31T00:08:16.023505,0.684870,0.065503,0.000000,0.170029
2026-03-31T00:08:16.026265,0.687457,0.064223,0.000000,0.168833
2026-03-31T00:08:16.029094,0.685549,0.064229,0.000000,0.172256
2026-03-31T00:08:16.031810,0.688355,0.065433,0.000000,0.171913
2026-03-31T00:08:16.031920,0.690804,0.065249,0.000000,0.173404
2026-03-31T00:08:16.034617,0.700616,0.064150,0.000000,0.171470
2026-03-31T00:08:16.037495,0.710051,0.060009,0.000000,0.164066
2026-03-31T00:08:16.040035,0.713946,0.062218,0.000000,0.163721
2026-03-31T00:08:16.042789,0.716912,0.058984,0.000000,0.163650
2026-03-31T00:08:16.042904,0.720464,0.060156,0.000000,0.163993
2026-03-31T00:08:16.045617,0.722322,0.048034,0.000000,0.160309
2026-03-31T00:08:16.048440,0.723171,0.058231,0.000000,0.158373
2026-03-31T00:08:16.051017,0.725337,0.048811,0.000000,0.164273
2026-03-31T00:08:16.051132,0.731755,0.055773,0.000000,0.156072
2026-03-31T00:08:16.053940,0.757988,0.059108,0.000000,0.156429
2026-03-31T00:08:16.056736,0.755522,0.053946,0.000000,0.155836
2026-03-31T00:08:16.059353,0.760179,0.054133,0.000000,0.158685
2026-03-31T00:08:16.062166,0.757381,0.054115,0.000000,0.163692
2026-03-31T00:08:16.062295,0.757921,0.054389,0.000000,0.163943
2026-03-31T00:08:16.065099,0.760787,0.040740,0.000000,0.159076
2026-03-31T00:08:16.069944,0.768668,0.053915,0.000000,0.158314
2026-03-31T00:08:16.070474,0.771846,0.055929,0.000000,0.160490
2026-03-31T00:08:16.070835,0.782392,0.052157,0.000000,0.146374
2026-03-31T00:08:16.073227,0.798434,0.052061,0.000000,0.147653
2026-03-31T00:08:16.075883,0.800999,0.048136,0.000000,0.154282
2026-03-31T00:08:16.078693,0.794715,0.048815,0.000000,0.149919
2026-03-31T00:08:16.081573,0.799627,0.063498,0.000000,0.145858
2026-03-31T00:08:16.081688,0.801761,0.049997,0.000000,0.146431
2026-03-31T00:08:16.084265,0.794214,0.051859,0.000000,0.144316
2026-03-31T00:08:16.087051,0.807222,0.048195,0.000000,0.153086
2026-03-31T00:08:16.089765,0.834031,0.047889,0.000000,0.142312
2026-03-31T00:08:16.092467,0.834920,0.049890,0.000000,0.138483
2026-03-31T00:08:16.092588,0.827884,0.047195,0.000000,0.132462
2026-03-31T00:08:16.095322,0.820043,0.045967,0.000000,0.124610
2026-03-31T00:08:16.098166,0.836907,0.042981,0.000000,0.139921
2026-03-31T00:08:16.100822,0.836959,0.041058,0.000000,0.133952
2026-03-31T00:08:16.100956,0.839009,0.052073,0.000000,0.139267
2026-03-31T00:08:16.103723,0.844929,0.041972,0.000000,0.133262
2026-03-31T00:08:16.106358,0.847740,0.043668,0.000000,0.133964
2026-03-31T00:08:16.109116,0.850538,0.021800,0.000000,0.138648
2026-03-31T00:08:16.111834,0.851243,0.042245,0.000000,0.138522
2026-03-31T00:08:16.111964,0.858102,0.041092,0.000000,0.140719
2026-03-31T00:08:16.118046,0.863280,0.039306,0.000000,0.142668
2026-03-31T00:08:16.118254,0.864769,0.039129,0.000000,0.143387
2026-03-31T00:08:16.120285,0.859857,0.039171,0.000000,0.145947
2026-03-31T00:08:16.120554,0.885818,0.047948,0.000000,0.144297
2026-03-31T00:08:16.122888,0.885511,0.037701,0.000000,0.151399
2026-03-31T00:08:16.125650,0.889955,0.038000,0.000000,0.147803
2026-03-31T00:08:16.128337,0.889137,0.039174,0.000000,0.153462
2026-03-31T00:08:16.131040,0.883111,0.031108,0.000000,0.157667
2026-03-31T00:08:16.131149,0.885770,0.037921,0.000000,0.179285
2026-03-31T00:08:16.134061,0.896447,0.036742,0.000000,0.147753
2026-03-31T00:08:16.136649,0.896419,0.035085,0.000000,0.152635
2026-03-31T00:08:16.139389,0.918546,0.025205,0.000000,0.164554
2026-03-31T00:08:16.139497,0.919332,0.030129,0.000000,0.160455
2026-03-31T00:08:16.142292,0.925664,0.034048,0.000000,0.163614
2026-03-31T00:08:16.145020,0.930424,0.030711,0.000000,0.164309
2026-03-31T00:08:16.147667,0.924987,0.030081,0.000000,0.162565
2026-03-31T00:08:16.150505,0.936762,0.026780,0.000000,0.163021
2026-03-31T00:08:16.150639,0.931809,0.035219,0.000000,0.165661
2026-03-31T00:08:16.153324,0.928028,0.028285,0.000000,0.159991
2026-03-31T00:08:16.156014,0.963188,0.024011,0.000000,0.164348
2026-03-31T00:08:16.158699,0.966224,0.012694,0.000000,0.168561
2026-03-31T00:08:16.161462,0.962732,0.023705,0.000000,0.168472
2026-03-31T00:08:16.161597,0.965104,0.012955,0.000000,0.158247
2026-03-31T00:08:16.164281,0.974208,0.028109,0.000000,0.156683
2026-03-31T00:08:16.169994,0.983642,0.025826,0.000000,0.155590
2026-03-31T00:08:16.170277,0.981839,0.020858,0.000000,0.155246
2026-03-31T00:08:16.170465,1.014104,0.022938,0.000000,0.153154
2026-03-31T00:08:16.172550,1.013137,0.022144,0.000000,0.153916
2026-03-31T00:08:16.175345,1.019034,0.019112,0.000000,0.155194
2026-03-31T00:08:16.178059,1.019291,0.021243,0.000000,0.163238
2026-03-31T00:08:16.180807,1.013470,0.023179,0.000000,0.154156
2026-03-31T00:08:16.180920,1.023953,0.014908,0.000000,0.153408
2026-03-31T00:08:16.183679,1.021846,0.018812,0.000000,0.153394
2026-03-31T00:08:16.186432,1.019931,0.019049,0.000000,0.153178
2026-03-31T00:08:16.189059,1.056289,0.016914,0.000000,0.165062
2026-03-31T00:08:16.189170,1.056352,0.016873,0.000000,0.159560
2026-03-31T00:08:16.191997,1.057653,0.013788,0.000000,0.161747
2026-03-31T00:08:16.194613,1.071117,0.014986,0.000000,0.166611
2026-03-31T00:08:16.197356,1.064453,0.017130,0.000000,0.171573
2026-03-31T00:08:16.200070,1.067509,0.017066,0.000000,0.172028
2026-03-31T00:08:16.200180,1.077873,0.018939,0.000000,0.176046
2026-03-31T00:08:16.202960,1.075867,0.015114,0.000000,0.175391
2026-03-31T00:08:16.205717,1.103035,0.014902,0.000000,0.175298
2026-03-31T00:08:16.208456,1.113785,0.014896,0.000000,0.180375
2026-03-31T00:08:16.208580,1.111599,0.009173,0.000000,0.180555
2026-03-31T00:08:16.211290,1.115923,0.012907,0.000000,0.168317
2026-03-31T00:08:16.213965,1.114860,0.010813,0.000000,0.185697
2026-03-31T00:08:16.220281,1.110781,0.008991,0.000000,0.173824
2026-03-31T00:08:16.220480,1.122550,0.010167,0.000000,0.180395
2026-03-31T00:08:16.220722,1.118713,0.013099,0.000000,0.180799
2026-03-31T00:08:16.222245,1.135115,0.010987,0.000000,0.180100
2026-03-31T00:08:16.224934,1.147001,0.006016,0.000000,0.182325
2026-03-31T00:08:16.227678,1.146562,0.010866,0.000000,0.176503
2026-03-31T00:08:16.230463,1.151101,0.002135,0.000000,0.180172
2026-03-31T00:08:16.230600,1.149757,0.006073,0.000000,0.180783
2026-03-31T00:08:16.233369,1.157561,0.003144,0.000000,0.181838
2026-03-31T00:08:16.236073,1.155885,0.002912,0.000000,0.182145
2026-03-31T00:08:16.238739,1.159003,0.004076,0.000000,0.180725
2026-03-31T00:08:16.238847,1.184696,0.001882,0.000000,0.192421
2026-03-31T00:08:16.241743,1.189911,0.001095,0.000000,0.180862
2026-03-31T00:08:16.244360,1.194337,0.000005,0.000000,0.183800
2026-03-31T00:08:16.247060,1.195370,0.004918,0.000000,0.184160
2026-03-31T00:08:16.249849,1.196242,0.002171,0.000000,0.180511
2026-03-31T00:08:16.249970,1.195579,0.001057,0.000000,0.183817
2026-03-31T00:08:16.252563,1.202484,0.000853,0.000000,0.187261
2026-03-31T00:08:16.255390,1.220218,0.000043,0.000000,0.187396
2026-03-31T00:08:16.258129,1.217282,-0.000037,0.000000,0.188204
2026-03-31T00:08:16.258252,1.224890,-0.000166,0.000000,0.182571
2026-03-31T00:08:16.260988,1.220764,-0.000236,0.000000,0.185721
2026-03-31T00:08:16.263764,1.217040,0.000086,0.000000,0.185743
2026-03-31T00:08:16.269735,1.228589,0.000125,0.000000,0.189669
2026-03-31T00:08:16.270098,1.226142,-0.000090,0.000000,0.184902
2026-03-31T00:08:16.270481,1.229315,0.000008,0.000000,0.189136
2026-03-31T00:08:16.271930,1.236659,0.000236,0.000000,0.201823
2026-03-31T00:08:16.274659,1.234770,0.000025,0.000000,0.198958
2026-03-31T00:08:16.277398,1.258605,-0.000193,0.000000,0.199029
2026-03-31T00:08:16.277513,1.234095,-0.000046,0.000000,0.201674
2026-03-31T00:08:16.280147,1.238555,0.000203,0.000000,0.199646
2026-03-31T00:08:16.282894,1.236837,0.000039,0.000000,0.200929
2026-03-31T00:08:16.285684,1.238509,-0.000306,0.000000,0.204740
2026-03-31T00:08:16.288387,1.241096,-0.000096,0.000000,0.193608
2026-03-31T00:08:16.288497,1.278240,-0.000019,0.000000,0.201101
2026-03-31T00:08:16.291220,1.274643,0.010939,0.000000,0.200102
2026-03-31T00:08:16.294012,1.279101,-0.000130,0.000000,0.199977
2026-03-31T00:08:16.296687,1.267391,0.007124,0.000000,0.197744
2026-03-31T00:08:16.299418,1.264462,0.000245,0.000000,0.201846
2026-03-31T00:08:16.299530,1.298338,-0.000050,0.000000,0.197089
2026-03-31T00:08:16.302360,1.274517,-0.000112,0.000000,0.196423
2026-03-31T00:08:16.305034,1.270254,0.000148,0.000000,0.200570
2026-03-31T00:08:16.307745,1.293864,0.000020,0.000000,0.196839
2026-03-31T00:08:16.307869,1.292162,-0.000037,0.000000,0.200131
2026-03-31T00:08:16.310583,1.291305,-0.000014,0.000000,0.200913
2026-03-31T00:08:16.313408,1.291144,-0.000155,0.000000,0.199764
2026-03-31T00:08:16.320288,1.286348,-0.000091,0.000000,0.198698
2026-03-31T00:08:16.320592,1.290886,-0.000101,0.000000,0.204463
2026-03-31T00:08:16.320781,1.295202,-0.000060,0.000000,0.210074
2026-03-31T00:08:16.321686,1.290744,0.000109,0.000000,0.199222
2026-03-31T00:08:16.324366,1.285968,0.000065,0.000000,0.195040
2026-03-31T00:08:16.327052,1.296057,0.000084,0.000000,0.201280
2026-03-31T00:08:16.327174,1.300312,-0.000159,0.000000,0.204821
2026-03-31T00:08:16.329859,1.288872,0.007929,0.000000,0.214143
2026-03-31T00:08:16.332686,1.297957,-0.000189,0.000000,0.205165
2026-03-31T00:08:16.335388,1.301778,-0.000087,0.000000,0.204520
2026-03-31T00:08:16.338151,1.306967,0.000119,0.000000,0.203114
2026-03-31T00:08:16.338266,1.310171,-0.000039,0.000000,0.209052
2026-03-31T00:08:16.341052,1.318288,0.000022,0.000000,0.206763
2026-03-31T00:08:16.343699,1.323809,0.000083,0.000000,0.210376
2026-03-31T00:08:16.346397,1.314100,-0.000029,0.000000,0.211978
2026-03-31T00:08:16.346506,1.315809,0.000244,0.000000,0.215156
2026-03-31T00:08:16.349308,1.313485,-0.000237,0.000000,0.210654
2026-03-31T00:08:16.352005,1.321772,-0.000122,0.000000,0.205547
2026-03-31T00:08:16.354704,1.329584,-0.000143,0.000000,0.216231
2026-03-31T00:08:16.357544,1.336735,0.000035,0.000000,0.218072
2026-03-31T00:08:16.357682,1.331738,0.000158,0.000000,0.219624
2026-03-31T00:08:16.360222,1.339877,0.000088,0.000000,0.217632
2026-03-31T00:08:16.362960,1.341343,-0.000048,0.000000,0.218055
2026-03-31T00:08:16.370205,1.337790,0.000023,0.000000,0.217810
2026-03-31T00:08:16.370379,1.354516,0.000078,0.000000,0.218171
2026-03-31T00:08:16.370878,1.345688,0.000279,0.000000,0.217305
2026-03-31T00:08:16.371357,1.342246,-0.000063,0.000000,0.220177
2026-03-31T00:08:16.374047,1.359959,-0.000183,0.000000,0.220072
2026-03-31T00:08:16.376697,1.354443,0.000013,0.000000,0.219123
2026-03-31T00:08:16.376803,1.397679,0.000051,0.000000,0.219864
2026-03-31T00:08:16.379596,1.362366,0.000095,0.000000,0.219619
2026-03-31T00:08:16.382529,1.361808,0.000155,0.000000,0.218561
2026-03-31T00:08:16.385065,1.364466,0.000048,0.000000,0.222079
2026-03-31T00:08:16.387766,1.398599,0.000009,0.000000,0.219052
2026-03-31T00:08:16.387885,1.379617,0.000097,0.000000,0.218836
2026-03-31T00:08:16.390669,1.407002,-0.000172,0.000000,0.224628
2026-03-31T00:08:16.393325,1.422659,-0.000157,0.000000,0.224302
2026-03-31T00:08:16.396072,1.401857,0.000157,0.000000,0.229710
2026-03-31T00:08:16.396180,1.400398,0.000007,0.000000,0.222237
2026-03-31T00:08:16.399012,1.404276,-0.000019,0.000000,0.223874
2026-03-31T00:08:16.401671,1.401337,0.000092,0.000000,0.224907
2026-03-31T00:08:16.404433,1.407467,-0.000099,0.000000,0.223427
2026-03-31T00:08:16.407206,1.431844,0.000134,0.000000,0.230172
2026-03-31T00:08:16.407333,1.426600,-0.000020,0.000000,0.231115
2026-03-31T00:08:16.410000,1.436718,0.000068,0.000000,0.225348
2026-03-31T00:08:16.412682,1.442367,0.000138,0.000000,0.227740
2026-03-31T00:08:16.419526,1.441153,-0.000166,0.000000,0.229086
2026-03-31T00:08:16.419878,1.430026,-0.000273,0.000000,0.226960
2026-03-31T00:08:16.420274,1.455877,-0.000019,0.000000,0.227819
2026-03-31T00:08:16.421165,1.451489,0.000047,0.000000,0.234606
2026-03-31T00:08:16.423638,1.480146,0.000104,0.000000,0.237937
2026-03-31T00:08:16.426328,1.484621,0.000062,0.000000,0.242402
2026-03-31T00:08:16.426431,1.489246,-0.000179,0.000000,0.244556
2026-03-31T00:08:16.429303,1.490964,0.000088,0.000000,0.244140
2026-03-31T00:08:16.431980,1.478142,0.000058,0.000000,0.241242
2026-03-31T00:08:16.434718,1.487056,-0.000133,0.000000,0.244696
2026-03-31T00:08:16.437418,1.502959,0.000050,0.000000,0.245957
2026-03-31T00:08:16.437535,1.493884,0.000243,0.000000,0.246932
2026-03-31T00:08:16.440320,1.540084,-0.000097,0.000000,0.247324
2026-03-31T00:08:16.442985,1.526500,-0.000081,0.000000,0.244864
2026-03-31T00:08:16.445750,1.535006,-0.000128,0.000000,0.245325
2026-03-31T00:08:16.445880,1.538449,-0.000207,0.000000,0.244517
2026-03-31T00:08:16.448633,1.551174,-0.000240,0.000000,0.246406
2026-03-31T00:08:16.451275,1.544710,-0.000109,0.000000,0.247034
2026-03-31T00:08:16.453990,1.541635,-0.000086,0.000000,0.267159
2026-03-31T00:08:16.456852,1.550470,0.000038,0.000000,0.246316
2026-03-31T00:08:16.457012,1.601146,0.000105,0.000000,0.250024
2026-03-31T00:08:16.459569,1.597269,0.000235,0.000000,0.247529
2026-03-31T00:08:16.462364,1.604869,-0.000135,0.000000,0.245610
2026-03-31T00:08:16.465207,1.607778,-0.000028,0.000000,0.247086
2026-03-31T00:08:16.465329,1.602160,-0.000069,0.000000,0.244925
2026-03-31T00:08:16.469807,1.613084,0.000089,0.000000,0.244720
2026-03-31T00:08:16.470572,1.606003,-0.000387,0.000000,0.247141
2026-03-31T00:08:16.473381,1.608662,-0.000097,0.000000,0.247873
2026-03-31T00:08:16.476014,1.668855,0.000158,0.000000,0.244446
2026-03-31T00:08:16.476116,1.653324,-0.000185,0.000000,0.245841
2026-03-31T00:08:16.479028,1.650182,-0.000054,0.000000,0.250091
2026-03-31T00:08:16.481760,1.667576,0.000024,0.000000,0.246797
2026-03-31T00:08:16.484372,1.663723,0.000026,0.000000,0.237943
2026-03-31T00:08:16.484479,1.670094,0.000146,0.000000,0.245793
2026-03-31T00:08:16.487284,1.672770,-0.000044,0.000000,0.246036
2026-03-31T00:08:16.490047,1.709722,-0.000097,0.000000,0.243770
2026-03-31T00:08:16.492740,1.719036,-0.000251,0.000000,0.237079
2026-03-31T00:08:16.495617,1.703536,0.000336,0.000000,0.239557
2026-03-31T00:08:16.495730,1.719630,-0.000098,0.000000,0.243074
2026-03-31T00:08:16.498468,1.711759,0.000171,0.000000,0.245773
2026-03-31T00:08:16.501039,1.719045,-0.000034,0.000000,0.243929
2026-03-31T00:08:16.503971,1.717151,-0.000143,0.000000,0.236162
2026-03-31T00:08:16.506686,1.720801,-0.000107,0.000000,0.243251
2026-03-31T00:08:16.506817,1.759490,-0.000195,0.000000,0.241972
2026-03-31T00:08:16.509461,1.764962,0.000002,0.000000,0.243933
2026-03-31T00:08:16.512094,1.755359,0.000110,0.000000,0.242853
2026-03-31T00:08:16.515022,1.767394,-0.000104,0.000000,0.241873
2026-03-31T00:08:16.515148,1.769134,0.000170,0.000000,0.257139
2026-03-31T00:08:16.519909,1.775808,-0.000025,0.000000,0.243737
2026-03-31T00:08:16.520394,1.785324,0.000083,0.000000,0.244734
2026-03-31T00:08:16.523127,1.797746,0.000033,0.000000,0.244699
2026-03-31T00:08:16.525799,1.825966,0.000061,0.000000,0.265172
2026-03-31T00:08:16.525915,1.816427,0.000030,0.000000,0.238592
2026-03-31T00:08:16.528672,1.828124,-0.000136,0.000000,0.243483
2026-03-31T00:08:16.531565,1.827486,-0.000155,0.000000,0.232601
2026-03-31T00:08:16.534228,1.839701,-0.000060,0.000000,0.239257
2026-03-31T00:08:16.534338,1.847825,0.000058,0.000000,0.238628
2026-03-31T00:08:16.537154,1.842455,-0.000203,0.000000,0.237792
2026-03-31T00:08:16.539845,1.846196,0.000032,0.000000,0.236818
2026-03-31T00:08:16.542555,1.880293,0.000178,0.000000,0.228968
2026-03-31T00:08:16.545326,1.893850,0.000020,0.000000,0.229465
2026-03-31T00:08:16.545439,1.894317,0.000012,0.000000,0.216364
2026-03-31T00:08:16.548212,1.901577,-0.000099,0.000000,0.233850
2026-03-31T00:08:16.550842,1.905005,0.000187,0.000000,0.233551
2026-03-31T00:08:16.553647,1.904535,0.000118,0.000000,0.230797
2026-03-31T00:08:16.553779,1.907166,-0.000059,0.000000,0.229338
2026-03-31T00:08:16.556458,1.913106,0.000187,0.000000,0.231172
2026-03-31T00:08:16.559165,1.942633,0.000125,0.000000,0.221553
2026-03-31T00:08:16.561923,1.947603,0.000115,0.000000,0.221343
2026-03-31T00:08:16.564655,1.954362,0.000164,0.000000,0.219936
2026-03-31T00:08:16.564781,1.943812,-0.000169,0.000000,0.225416
2026-03-31T00:08:16.569631,1.947553,-0.000068,0.000000,0.219298
2026-03-31T00:08:16.570250,1.942185,-0.000026,0.000000,0.219556
2026-03-31T00:08:16.572741,1.949648,0.000019,0.000000,0.218197
2026-03-31T00:08:16.575460,1.989041,0.000053,0.000000,0.218040
2026-03-31T00:08:16.575570,1.990212,-0.000231,0.000000,0.220003
2026-03-31T00:08:16.578684,1.987361,0.000086,0.000000,0.216502
2026-03-31T00:08:16.581167,2.001881,0.000053,0.000000,0.220605
2026-03-31T00:08:16.583895,1.989319,-0.000160,0.000000,0.217867
2026-03-31T00:08:16.584005,1.996654,0.000043,0.000000,0.219340
2026-03-31T00:08:16.586803,2.003002,0.000099,0.000000,0.224567
2026-03-31T00:08:16.589372,1.994481,-0.000088,0.000000,0.218287
2026-03-31T00:08:16.592181,2.036969,0.000108,0.000000,0.214280
2026-03-31T00:08:16.594899,2.041388,0.000029,0.000000,0.210812
2026-03-31T00:08:16.595014,2.037232,-0.000036,0.000000,0.214252
2026-03-31T00:08:16.597774,2.036762,-0.000010,0.000000,0.214940
2026-03-31T00:08:16.600478,2.038796,0.000071,0.000000,0.208814
2026-03-31T00:08:16.603132,2.036926,0.000019,0.000000,0.209578
2026-03-31T00:08:16.603254,2.048702,0.000084,0.000000,0.214325
2026-03-31T00:08:16.606022,2.041720,0.000056,0.000000,0.210677
2026-03-31T00:08:16.608784,2.056450,-0.000134,0.000000,0.206907
2026-03-31T00:08:16.611584,2.050289,-0.000101,0.000000,0.203294
2026-03-31T00:08:16.614327,2.051488,-0.000107,0.000000,0.206306
2026-03-31T00:08:16.614453,2.085841,-0.000038,0.000000,0.206256
2026-03-31T00:08:16.619840,2.056997,0.000084,0.000000,0.202476
2026-03-31T00:08:16.620025,2.051505,-0.000073,0.000000,0.197378
2026-03-31T00:08:16.622361,2.057120,-0.000021,0.000000,0.199343
2026-03-31T00:08:16.622473,2.068371,0.000094,0.000000,0.203211
2026-03-31T00:08:16.625234,2.105426,0.000121,0.000000,0.220091
2026-03-31T00:08:16.628428,2.103392,-0.000270,0.000000,0.197216
2026-03-31T00:08:16.630839,2.105428,0.000084,0.000000,0.200984
2026-03-31T00:08:16.633572,2.099867,0.000187,0.000000,0.200565
2026-03-31T00:08:16.633683,2.105578,-0.000078,0.000000,0.200961
2026-03-31T00:08:16.636456,2.098629,-0.000078,0.000000,0.204201
2026-03-31T00:08:16.639213,2.101551,0.000093,0.000000,0.203444
2026-03-31T00:08:16.641882,2.132148,-0.000008,0.000000,0.206761
2026-03-31T00:08:16.644682,2.114636,0.000233,0.000000,0.206083
2026-03-31T00:08:16.644806,2.124701,0.000019,0.000000,0.199083
2026-03-31T00:08:16.647295,2.118009,0.000037,0.000000,0.202275
2026-03-31T00:08:16.650055,2.130556,-0.000067,0.000000,0.200859
2026-03-31T00:08:16.652815,2.092817,-0.000027,0.000000,0.195839
2026-03-31T00:08:16.652940,2.118719,-0.000085,0.000000,0.201208
2026-03-31T00:08:16.655692,2.134227,-0.000101,0.000000,0.215937
2026-03-31T00:08:16.658416,2.152168,-0.000073,0.000000,0.202493
2026-03-31T00:08:16.661119,2.150283,0.000067,0.000000,0.200603
2026-03-31T00:08:16.663941,2.148801,-0.000013,0.000000,0.200988
2026-03-31T00:08:16.664067,2.158691,0.000038,0.000000,0.200455
2026-03-31T00:08:16.669780,2.156473,-0.000016,0.000000,0.192090
2026-03-31T00:08:16.670170,2.157347,0.000037,0.000000,0.188750
2026-03-31T00:08:16.672100,2.153126,-0.000071,0.000000,0.200188
2026-03-31T00:08:16.672206,2.165292,0.000186,0.000000,0.196446
2026-03-31T00:08:16.674846,2.160617,-0.000052,0.000000,0.195158
2026-03-31T00:08:16.678226,2.180282,-0.000117,0.000000,0.192399
2026-03-31T00:08:16.680545,2.158509,-0.000258,0.000000,0.197172
2026-03-31T00:08:16.683263,2.175098,-0.000107,0.000000,0.201464
2026-03-31T00:08:16.683377,2.173314,-0.000016,0.000000,0.200664
2026-03-31T00:08:16.686155,2.186302,-0.000257,0.000000,0.197975
2026-03-31T00:08:16.688987,2.181062,0.000164,0.000000,0.193313
2026-03-31T00:08:16.691496,2.178076,0.000245,0.000000,0.192743
2026-03-31T00:08:16.691602,2.197431,0.000127,0.000000,0.198287
2026-03-31T00:08:16.694220,2.182556,0.000020,0.000000,0.196377
2026-03-31T00:08:16.696936,2.199317,-0.000051,0.000000,0.195384
2026-03-31T00:08:16.699689,2.194343,-0.000039,0.000000,0.195136
2026-03-31T00:08:16.702405,2.197605,0.000125,0.000000,0.204808
2026-03-31T00:08:16.702532,2.182906,0.000106,0.000000,0.195916
2026-03-31T00:08:16.705238,2.206736,0.000077,0.000000,0.192102
2026-03-31T00:08:16.707926,2.206695,-0.000001,0.000000,0.194037
2026-03-31T00:08:16.710666,2.200470,-0.000040,0.000000,0.198308
2026-03-31T00:08:16.713360,2.213547,-0.000097,0.000000,0.193520
2026-03-31T00:08:16.713488,2.181318,-0.000171,0.000000,0.196509
2026-03-31T00:08:16.718981,2.205588,0.000046,0.000000,0.196636
2026-03-31T00:08:16.719232,2.213148,-0.000404,0.000000,0.200996
2026-03-31T00:08:16.721755,2.205836,0.000109,0.000000,0.197295
2026-03-31T00:08:16.721883,2.206159,-0.000054,0.000000,0.200541
2026-03-31T00:08:16.724472,2.220684,0.000024,0.000000,0.198728
2026-03-31T00:08:16.727209,2.216216,0.000029,0.000000,0.192668
2026-03-31T00:08:16.730067,2.207878,-0.000097,0.000000,0.192893
2026-03-31T00:08:16.732745,2.198311,0.000107,0.000000,0.193948
2026-03-31T00:08:16.732869,2.209285,0.000177,0.000000,0.189367
2026-03-31T00:08:16.735600,2.209448,-0.000048,0.000000,0.194508
2026-03-31T00:08:16.738328,2.210951,0.000193,0.000000,0.193886
2026-03-31T00:08:16.741050,2.203756,0.000234,0.000000,0.193469
2026-03-31T00:08:16.741155,2.194406,0.000021,0.000000,0.192110
2026-03-31T00:08:16.743911,2.203706,0.000009,0.000000,0.196802
2026-03-31T00:08:16.746601,2.201675,0.000152,0.000000,0.193872
2026-03-31T00:08:16.749387,2.188550,0.000032,0.000000,0.196206
2026-03-31T00:08:16.752141,2.210713,0.000091,0.000000,0.193856
2026-03-31T00:08:16.752265,2.205201,0.000146,0.000000,0.195486
2026-03-31T00:08:16.754974,2.207752,0.000124,0.000000,0.193396
2026-03-31T00:08:16.757741,2.206610,-0.000166,0.000000,0.193420
2026-03-31T00:08:16.760415,2.206597,0.000060,0.000000,0.191286
2026-03-31T00:08:16.760535,2.202740,0.000005,0.000000,0.184933
2026-03-31T00:08:16.763185,2.194998,0.000129,0.000000,0.193867
2026-03-31T00:08:16.770307,2.193118,-0.000052,0.000000,0.192549
2026-03-31T00:08:16.770568,2.186808,-0.000052,0.000000,0.194166
2026-03-31T00:08:16.771427,2.193828,-0.000032,0.000000,0.188189
2026-03-31T00:08:16.771620,2.198752,-0.000001,0.000000,0.192937
2026-03-31T00:08:16.774210,2.204462,-0.000008,0.000000,0.192638
2026-03-31T00:08:16.776977,2.180535,-0.000034,0.000000,0.192587
2026-03-31T00:08:16.779820,2.178534,-0.000185,0.000000,0.192483
2026-03-31T00:08:16.782427,2.169796,-0.000039,0.000000,0.185644
2026-03-31T00:08:16.782547,2.188382,-0.000154,0.000000,0.192696
2026-03-31T00:08:16.785351,2.181704,0.000101,0.000000,0.191747
2026-03-31T00:08:16.788013,2.166208,0.000068,0.000000,0.187353
2026-03-31T00:08:16.790890,2.169432,0.000105,0.000000,0.194482
2026-03-31T00:08:16.791002,2.149810,0.000187,0.000000,0.193364
2026-03-31T00:08:16.793650,2.161256,-0.000060,0.000000,0.193241
2026-03-31T00:08:16.796364,2.144560,0.000102,0.000000,0.192136
2026-03-31T00:08:16.799050,2.141351,-0.000024,0.000000,0.193656
2026-03-31T00:08:16.801743,2.132163,0.000029,0.000000,0.194540
2026-03-31T00:08:16.801871,2.146354,-0.000009,0.000000,0.191943
2026-03-31T00:08:16.804571,2.124123,-0.000204,0.000000,0.195055
2026-03-31T00:08:16.807452,2.129639,-0.000159,0.000000,0.196859
2026-03-31T00:08:16.810045,2.136628,0.000213,0.000000,0.198190
2026-03-31T00:08:16.810173,2.132877,0.000035,0.000000,0.200587
2026-03-31T00:08:16.812857,2.106659,0.000086,0.000000,0.196832
2026-03-31T00:08:16.820492,2.101354,-0.000193,0.000000,0.199704
2026-03-31T00:08:16.821038,2.113427,-0.000108,0.000000,0.197176
2026-03-31T00:08:16.821268,2.111019,-0.000079,0.000000,0.205011
2026-03-31T00:08:16.821680,2.096964,0.000160,0.000000,0.200658
2026-03-31T00:08:16.823978,2.097857,-0.000086,0.000000,0.199511
2026-03-31T00:08:16.826616,2.088438,0.000049,0.000000,0.229827
2026-03-31T00:08:16.829703,2.056985,-0.000119,0.000000,0.200352
2026-03-31T00:08:16.829816,2.072705,-0.000077,0.000000,0.201562
2026-03-31T00:08:16.832327,2.054290,0.000026,0.000000,0.202723
2026-03-31T00:08:16.834944,2.054618,0.000190,0.000000,0.202117
2026-03-31T00:08:16.837660,2.055086,0.000069,0.000000,0.204074
2026-03-31T00:08:16.840454,2.051318,-0.000088,0.000000,0.194022
2026-03-31T00:08:16.840564,2.068576,-0.000029,0.000000,0.183779
2026-03-31T00:08:16.843244,2.030316,0.000019,0.000000,0.202042
2026-03-31T00:08:16.845961,2.039316,-0.000034,0.000000,0.206336
2026-03-31T00:08:16.848735,2.028920,-0.000041,0.000000,0.216933
2026-03-31T00:08:16.851471,2.043651,0.000183,0.000000,0.210181
2026-03-31T00:08:16.851589,2.027797,0.000009,0.000000,0.205734
2026-03-31T00:08:16.854240,2.028585,0.000053,0.000000,0.205682
2026-03-31T00:08:16.857047,2.028083,-0.000160,0.000000,0.200855
2026-03-31T00:08:16.859786,2.024380,0.000057,0.000000,0.203094
2026-03-31T00:08:16.859912,1.988815,0.000052,0.000000,0.209921
2026-03-31T00:08:16.862562,1.979684,-0.000052,0.000000,0.202378
2026-03-31T00:08:16.865364,1.972890,-0.000140,0.000000,0.201701
2026-03-31T00:08:16.869146,1.973557,0.000012,0.000000,0.219674
2026-03-31T00:08:16.870695,1.968794,0.000024,0.000000,0.210375
2026-03-31T00:08:16.871016,1.973666,0.000136,0.000000,0.212082
2026-03-31T00:08:16.873617,1.966813,-0.000042,0.000000,0.214440
2026-03-31T00:08:16.876430,1.926407,0.000096,0.000000,0.212406
2026-03-31T00:08:16.879025,1.930478,-0.000201,0.000000,0.207241
2026-03-31T00:08:16.879159,1.918314,0.000030,0.000000,0.214561
2026-03-31T00:08:16.881956,1.912555,-0.000007,0.000000,0.209835
2026-03-31T00:08:16.884636,1.916971,0.000035,0.000000,0.215624
2026-03-31T00:08:16.887348,1.914796,-0.000057,0.000000,0.214766
2026-03-31T00:08:16.890135,1.907914,0.000035,0.000000,0.203244
2026-03-31T00:08:16.890254,1.912919,0.000160,0.000000,0.214058
2026-03-31T00:08:16.892961,1.890297,0.000077,0.000000,0.211680
2026-03-31T00:08:16.895680,1.876659,-0.000076,0.000000,0.207593
2026-03-31T00:08:16.898384,1.870582,-0.000056,0.000000,0.209155
2026-03-31T00:08:16.898491,1.860203,-0.000002,0.000000,0.198967
2026-03-31T00:08:16.901179,1.865007,-0.000047,0.000000,0.208790
2026-03-31T00:08:16.903929,1.868656,-0.000128,0.000000,0.219839
2026-03-31T00:08:16.906716,1.859399,0.000005,0.000000,0.207006
2026-03-31T00:08:16.909454,1.855676,0.000128,0.000000,0.209317
2026-03-31T00:08:16.909581,1.826970,0.000062,0.000000,0.209029
2026-03-31T00:08:16.912242,1.834134,0.000096,0.000000,0.210384
2026-03-31T00:08:16.915072,1.820899,-0.000031,0.000000,0.213869
2026-03-31T00:08:16.920277,1.822515,-0.000270,0.000000,0.212569
2026-03-31T00:08:16.920499,1.817401,0.000058,0.000000,0.200383
2026-03-31T00:08:16.920656,1.811404,-0.000142,0.000000,0.210374
2026-03-31T00:08:16.923271,1.806460,-0.000153,0.000000,0.209877
2026-03-31T00:08:16.925907,1.818575,-0.000127,0.000000,0.211682
2026-03-31T00:08:16.928683,1.793246,-0.000131,0.000000,0.217606
2026-03-31T00:08:16.928792,1.785345,0.000251,0.000000,0.219293
2026-03-31T00:08:16.931471,1.775333,0.000243,0.000000,0.208823
2026-03-31T00:08:16.934311,1.783155,0.000159,0.000000,0.222017
2026-03-31T00:08:16.937003,1.782395,-0.000187,0.000000,0.219064
2026-03-31T00:08:16.939713,1.766267,-0.000098,0.000000,0.222457
2026-03-31T00:08:16.939829,1.767448,-0.000139,0.000000,0.218532
2026-03-31T00:08:16.942626,1.774540,0.000023,0.000000,0.220191
2026-03-31T00:08:16.945395,1.765641,-0.000169,0.000000,0.216982
2026-03-31T00:08:16.948005,1.739809,-0.000169,0.000000,0.217279
2026-03-31T00:08:16.948109,1.757624,0.000092,0.000000,0.219497
2026-03-31T00:08:16.950949,1.763231,-0.000102,0.000000,0.205565
2026-03-31T00:08:16.953621,1.762852,-0.000012,0.000000,0.219109
2026-03-31T00:08:16.956343,1.747977,-0.000167,0.000000,0.219881
2026-03-31T00:08:16.959034,1.745950,0.000058,0.000000,0.218411
2026-03-31T00:08:16.959171,1.736970,-0.000007,0.000000,0.214098
2026-03-31T00:08:16.961902,1.737218,0.000054,0.000000,0.217089
2026-03-31T00:08:16.964783,1.731209,0.000023,0.000000,0.218291
2026-03-31T00:08:16.969860,1.737042,0.000139,0.000000,0.218941
2026-03-31T00:08:16.970008,1.733446,-0.000012,0.000000,0.211508
2026-03-31T00:08:16.970226,1.736011,-0.000155,0.000000,0.210317
2026-03-31T00:08:16.972929,1.742455,-0.000043,0.000000,0.218131
2026-03-31T00:08:16.975597,1.735288,0.000018,0.000000,0.213225
2026-03-31T00:08:16.978398,1.721022,0.000075,0.000000,0.206935
2026-03-31T00:08:16.978494,1.729974,-0.000059,0.000000,0.217511
2026-03-31T00:08:16.981208,1.732339,-0.000217,0.000000,0.210407
2026-03-31T00:08:16.984087,1.721017,0.000071,0.000000,0.214094
2026-03-31T00:08:16.986748,1.725895,0.000012,0.000000,0.209830
2026-03-31T00:08:16.989515,1.728252,0.000083,0.000000,0.207315
2026-03-31T00:08:16.989627,1.711918,0.000048,0.000000,0.220002
2026-03-31T00:08:16.992346,1.715846,0.000080,0.000000,0.206406
2026-03-31T00:08:16.995008,1.709804,0.000093,0.000000,0.204257
2026-03-31T00:08:16.997686,1.712714,-0.000098,0.000000,0.206489
2026-03-31T00:08:16.997794,1.709630,-0.000071,0.000000,0.213118
2026-03-31T00:08:17.000627,1.712384,0.000039,0.000000,0.205226
2026-03-31T00:08:17.003337,1.686839,0.000157,0.000000,0.209988
2026-03-31T00:08:17.005983,1.710416,-0.000086,0.000000,0.205443
2026-03-31T00:08:17.008876,1.697815,0.000115,0.000000,0.205236
2026-03-31T00:08:17.009009,1.707758,0.000188,0.000000,0.205439
2026-03-31T00:08:17.011590,1.696456,-0.000004,0.000000,0.202002
2026-03-31T00:08:17.014310,1.687203,0.000193,0.000000,0.205265
2026-03-31T00:08:17.019484,1.686746,-0.000027,0.000000,0.205277
2026-03-31T00:08:17.019730,1.675337,0.000159,0.000000,0.204799
2026-03-31T00:08:17.019908,1.691290,0.000125,0.000000,0.206762
2026-03-31T00:08:17.022596,1.687820,-0.000048,0.000000,0.204695
2026-03-31T00:08:17.025358,1.686628,-0.000038,0.000000,0.206915
2026-03-31T00:08:17.028115,1.671730,0.000144,0.000000,0.201140
2026-03-31T00:08:17.028217,1.672713,0.000084,0.000000,0.200242
2026-03-31T00:08:17.030864,1.659562,-0.000050,0.000000,0.200541
2026-03-31T00:08:17.033714,1.668474,0.000211,0.000000,0.202923
2026-03-31T00:08:17.036344,1.657060,0.000102,0.000000,0.200192
2026-03-31T00:08:17.036453,1.655300,-0.000066,0.000000,0.204380
2026-03-31T00:08:17.039196,1.660741,0.000115,0.000000,0.198314
2026-03-31T00:08:17.041957,1.650586,0.000145,0.000000,0.193033
2026-03-31T00:08:17.044758,1.624182,0.000236,0.000000,0.204251
2026-03-31T00:08:17.047430,1.626840,-0.000238,0.000000,0.197859
2026-03-31T00:08:17.047546,1.637305,0.000156,0.000000,0.198416
2026-03-31T00:08:17.050226,1.614819,-0.000029,0.000000,0.193015
2026-03-31T00:08:17.052955,1.619553,0.000138,0.000000,0.193329
2026-03-31T00:08:17.055755,1.617519,-0.000277,0.000000,0.200151
2026-03-31T00:08:17.058509,1.617695,-0.000012,0.000000,0.195781
2026-03-31T00:08:17.058647,1.598350,0.000031,0.000000,0.198451
2026-03-31T00:08:17.061371,1.584051,-0.000144,0.000000,0.200392
2026-03-31T00:08:17.064031,1.586343,-0.000040,0.000000,0.202676
2026-03-31T00:08:17.070182,1.572015,-0.000009,0.000000,0.200224
2026-03-31T00:08:17.070441,1.580193,0.000053,0.000000,0.205739
2026-03-31T00:08:17.070656,1.582814,-0.000111,0.000000,0.200150
2026-03-31T00:08:17.072283,1.592361,0.000136,0.000000,0.199939
2026-03-31T00:08:17.075012,1.563781,0.000060,0.000000,0.200956
2026-03-31T00:08:17.077724,1.569524,-0.000127,0.000000,0.199461
2026-03-31T00:08:17.077849,1.555570,-0.000077,0.000000,0.214847
2026-03-31T00:08:17.080619,1.549737,-0.000060,0.000000,0.213748
2026-03-31T00:08:17.083411,1.544182,0.000002,0.000000,0.214462
2026-03-31T00:08:17.086045,1.553495,-0.000086,0.000000,0.215717
2026-03-31T00:08:17.086153,1.534739,-0.000140,0.000000,0.215939
2026-03-31T00:08:17.088945,1.541165,0.000110,0.000000,0.217282
2026-03-31T00:08:17.091715,1.546422,-0.000082,0.000000,0.212799
2026-03-31T00:08:17.094372,1.534818,-0.000190,0.000000,0.216529
2026-03-31T00:08:17.097120,1.518616,-0.000051,0.000000,0.208380
2026-03-31T00:08:17.097232,1.508441,0.000002,0.000000,0.208176
2026-03-31T00:08:17.099993,1.516250,0.000054,0.000000,0.210505
2026-03-31T00:08:17.102635,1.503100,-0.000074,0.000000,0.212463
2026-03-31T00:08:17.105441,1.503993,0.000032,0.000000,0.205125
2026-03-31T00:08:17.105566,1.517216,-0.000164,0.000000,0.215112
2026-03-31T00:08:17.108312,1.511360,0.000275,0.000000,0.209238
2026-03-31T00:08:17.111006,1.484095,0.000028,0.000000,0.203100
2026-03-31T00:08:17.113743,1.487718,0.000207,0.000000,0.206171
2026-03-31T00:08:17.120575,1.491066,0.000242,0.000000,0.204907
2026-03-31T00:08:17.120752,1.487635,0.000019,0.000000,0.192641
2026-03-31T00:08:17.120906,1.493697,-0.000064,0.000000,0.201212
2026-03-31T00:08:17.122022,1.481545,-0.000014,0.000000,0.204005
2026-03-31T00:08:17.124725,1.476816,0.000003,0.000000,0.199056
2026-03-31T00:08:17.127371,1.485048,-0.000106,0.000000,0.202176
2026-03-31T00:08:17.127482,1.463139,-0.000282,0.000000,0.196944
2026-03-31T00:08:17.130277,1.462988,0.000179,0.000000,0.193580
2026-03-31T00:08:17.133082,1.464859,0.000033,0.000000,0.192334
2026-03-31T00:08:17.135728,1.463492,0.000052,0.000000,0.197551
2026-03-31T00:08:17.135831,1.464860,0.000047,0.000000,0.197085
2026-03-31T00:08:17.138496,1.460816,0.000172,0.000000,0.194075
2026-03-31T00:08:17.141356,1.455542,-0.000017,0.000000,0.196637
2026-03-31T00:08:17.144041,1.453637,0.000329,0.000000,0.193573
2026-03-31T00:08:17.146720,1.442315,0.000121,0.000000,0.195422
2026-03-31T00:08:17.146832,1.436521,0.000222,0.000000,0.204856
2026-03-31T00:08:17.149586,1.447372,-0.000024,0.000000,0.195517
2026-03-31T00:08:17.152368,1.431395,-0.000023,0.000000,0.192282
2026-03-31T00:08:17.155046,1.447465,0.000086,0.000000,0.193887
2026-03-31T00:08:17.155153,1.437779,-0.000112,0.000000,0.192114
2026-03-31T00:08:17.157844,1.425892,-0.000029,0.000000,0.192208
2026-03-31T00:08:17.160618,1.434967,-0.000121,0.000000,0.199307
2026-03-31T00:08:17.163384,1.415287,0.000043,0.000000,0.194879
2026-03-31T00:08:17.169630,1.412862,-0.000054,0.000000,0.200854
2026-03-31T00:08:17.169957,1.422313,-0.000015,0.000000,0.193590
2026-03-31T00:08:17.170105,1.417804,-0.000044,0.000000,0.195590
2026-03-31T00:08:17.171576,1.420175,-0.000422,0.000000,0.192993
2026-03-31T00:08:17.174366,1.411246,0.000017,0.000000,0.192062
2026-03-31T00:08:17.174474,1.408742,-0.000097,0.000000,0.195601
2026-03-31T00:08:17.177258,1.410519,0.000142,0.000000,0.198586
2026-03-31T00:08:17.179867,1.399918,0.000024,0.000000,0.189204
2026-03-31T00:08:17.182723,1.412418,-0.000187,0.000000,0.192350
2026-03-31T00:08:17.185406,1.411017,-0.000037,0.000000,0.198881
2026-03-31T00:08:17.185517,1.404342,-0.000120,0.000000,0.192886
2026-03-31T00:08:17.188240,1.401005,-0.000113,0.000000,0.192874
2026-03-31T00:08:17.191045,1.397657,0.000073,0.000000,0.188351
2026-03-31T00:08:17.193688,1.396687,0.000063,0.000000,0.175316
2026-03-31T00:08:17.196382,1.385891,0.000162,0.000000,0.191988
2026-03-31T00:08:17.196508,1.399381,-0.000043,0.000000,0.192416
2026-03-31T00:08:17.199317,1.389644,-0.000193,0.000000,0.187575
2026-03-31T00:08:17.201996,1.387006,0.000162,0.000000,0.193500
2026-03-31T00:08:17.204741,1.386476,0.000035,0.000000,0.187867
2026-03-31T00:08:17.204870,1.389018,-0.000022,0.000000,0.189245
2026-03-31T00:08:17.207654,1.388668,-0.000159,0.000000,0.188358
2026-03-31T00:08:17.210361,1.391864,-0.000128,0.000000,0.172005
2026-03-31T00:08:17.213028,1.374154,-0.000006,0.000000,0.179787
2026-03-31T00:08:17.219513,1.370463,0.000131,0.000000,0.173366
2026-03-31T00:08:17.219941,1.369803,0.000138,0.000000,0.168912
2026-03-31T00:08:17.220124,1.370300,0.000034,0.000000,0.178784
2026-03-31T00:08:17.221306,1.367774,0.000031,0.000000,0.175258
2026-03-31T00:08:17.224069,1.372570,-0.000105,0.000000,0.179639
2026-03-31T00:08:17.224185,1.365130,-0.000031,0.000000,0.175039
2026-03-31T00:08:17.226812,1.363625,0.000119,0.000000,0.178200
2026-03-31T00:08:17.229715,1.342675,-0.000116,0.000000,0.179557
2026-03-31T00:08:17.232374,1.350957,0.000256,0.000000,0.179493
2026-03-31T00:08:17.235096,1.342211,-0.000007,0.000000,0.176725
2026-03-31T00:08:17.235205,1.346416,-0.000007,0.000000,0.179636
2026-03-31T00:08:17.237873,1.342539,0.000069,0.000000,0.176775
2026-03-31T00:08:17.240763,1.337536,-0.000005,0.000000,0.178451
2026-03-31T00:08:17.243335,1.343480,0.000017,0.000000,0.181562
2026-03-31T00:08:17.243451,1.346076,-0.000209,0.000000,0.180333
2026-03-31T00:08:17.246227,1.335344,0.000160,0.000000,0.170085
2026-03-31T00:08:17.249016,1.337662,-0.000149,0.000000,0.168000
2026-03-31T00:08:17.251675,1.334463,-0.000021,0.000000,0.175286
2026-03-31T00:08:17.254386,1.332377,0.000201,0.000000,0.172941
2026-03-31T00:08:17.254512,1.312681,-0.000031,0.000000,0.169014
2026-03-31T00:08:17.257341,1.326412,0.000143,0.000000,0.158323
2026-03-31T00:08:17.260007,1.326783,-0.000219,0.000000,0.167305
2026-03-31T00:08:17.262738,1.320306,-0.000302,0.000000,0.139362
2026-03-31T00:08:17.268348,1.315962,0.000002,0.000000,0.159147
2026-03-31T00:08:17.269197,1.313053,0.000038,0.000000,0.167226
2026-03-31T00:08:17.270430,1.316051,0.000063,0.000000,0.160203
2026-03-31T00:08:17.270921,1.310519,-0.000000,0.000000,0.160319
2026-03-31T00:08:17.273724,1.314326,0.000157,0.000000,0.162991
2026-03-31T00:08:17.273837,1.306450,0.000244,0.000000,0.164387
2026-03-31T00:08:17.276459,1.310815,-0.000181,0.000000,0.163593
2026-03-31T00:08:17.279233,1.294509,-0.000077,0.000000,0.158586
2026-03-31T00:08:17.282184,1.288699,-0.000094,0.000000,0.156454
2026-03-31T00:08:17.284770,1.282058,0.000108,0.000000,0.162089
2026-03-31T00:08:17.284890,1.284432,-0.000038,0.000000,0.159948
2026-03-31T00:08:17.287533,1.290199,-0.000046,0.000000,0.157213
2026-03-31T00:08:17.290546,1.297269,0.000042,0.000000,0.155507
2026-03-31T00:08:17.292977,1.284243,0.000221,0.000000,0.156063
2026-03-31T00:08:17.293087,1.281493,0.000240,0.000000,0.155272
2026-03-31T00:08:17.295820,1.230572,0.000034,0.000000,0.155126
2026-03-31T00:08:17.298650,1.230665,0.000035,0.000000,0.160493
2026-03-31T00:08:17.301408,1.232003,-0.000081,0.000000,0.160949
2026-03-31T00:08:17.304061,1.236938,-0.000072,0.000000,0.162427
2026-03-31T00:08:17.304189,1.237533,0.000140,0.000000,0.160547
2026-03-31T00:08:17.307039,1.236105,0.000002,0.000000,0.163564
2026-03-31T00:08:17.309633,1.238084,0.000115,0.000000,0.156592
2026-03-31T00:08:17.312424,1.228962,-0.000093,0.000000,0.162222
2026-03-31T00:08:17.312549,1.213646,0.000275,0.000000,0.152139
2026-03-31T00:08:17.315301,1.216451,0.000208,0.000000,0.151618
2026-03-31T00:08:17.319797,1.199356,-0.000163,0.000000,0.148601
2026-03-31T00:08:17.320618,1.201949,-0.000085,0.000000,0.146942
2026-03-31T00:08:17.323338,1.201865,-0.000126,0.000000,0.150557
2026-03-31T00:08:17.323450,1.196473,-0.000169,0.000000,0.144101
2026-03-31T00:08:17.326146,1.206660,0.000019,0.000000,0.143427
2026-03-31T00:08:17.329036,1.191154,-0.000138,0.000000,0.143419
2026-03-31T00:08:17.331874,1.162127,0.000105,0.000000,0.150487
2026-03-31T00:08:17.334451,1.160637,-0.000071,0.000000,0.143146
2026-03-31T00:08:17.334573,1.160541,-0.000227,0.000000,0.127280
2026-03-31T00:08:17.337317,1.157214,0.000065,0.000000,0.145030
2026-03-31T00:08:17.340022,1.153611,0.000229,0.000000,0.144682
2026-03-31T00:08:17.342670,1.160516,-0.000245,0.000000,0.144007
2026-03-31T00:08:17.342778,1.147277,-0.000347,0.000000,0.141870
2026-03-31T00:08:17.345492,1.119566,-0.000118,0.000000,0.147577
2026-03-31T00:08:17.348351,1.120670,0.000078,0.000000,0.146253
2026-03-31T00:08:17.351002,1.112673,-0.000170,0.000000,0.147081
2026-03-31T00:08:17.353710,1.108311,-0.000064,0.000000,0.147116
2026-03-31T00:08:17.353837,1.106552,-0.000226,0.000000,0.146068
2026-03-31T00:08:17.356603,1.104434,0.000010,0.000000,0.143774
2026-03-31T00:08:17.359448,1.096883,0.000035,0.000000,0.147813
2026-03-31T00:08:17.362102,1.090271,0.000096,0.000000,0.149320
2026-03-31T00:08:17.362226,1.067438,0.000004,0.000000,0.154986
2026-03-31T00:08:17.364919,1.057283,0.000041,0.000000,0.155657
2026-03-31T00:08:17.370230,1.055553,0.000003,0.000000,0.156252
2026-03-31T00:08:17.370475,1.061317,0.000157,0.000000,0.159241
2026-03-31T00:08:17.373046,1.058339,0.000270,0.000000,0.167766
2026-03-31T00:08:17.373163,1.045624,-0.000159,0.000000,0.151674
2026-03-31T00:08:17.375913,1.054344,0.000103,0.000000,0.164697
2026-03-31T00:08:17.378702,1.047587,-0.000024,0.000000,0.167354
2026-03-31T00:08:17.381300,1.015718,-0.000030,0.000000,0.157491
2026-03-31T00:08:17.381409,1.017454,-0.000070,0.000000,0.159224
2026-03-31T00:08:17.384275,1.019004,0.000025,0.000000,0.157528
2026-03-31T00:08:17.386900,1.011105,-0.000071,0.000000,0.158641
2026-03-31T00:08:17.389588,1.006313,0.000155,0.000000,0.157188
2026-03-31T00:08:17.392440,1.004470,0.000090,0.000000,0.160120
2026-03-31T00:08:17.392559,1.012559,-0.000128,0.000000,0.160010
2026-03-31T00:08:17.395103,1.007448,-0.000205,0.000000,0.160117
2026-03-31T00:08:17.397970,0.964004,-0.000070,0.000000,0.156205
2026-03-31T00:08:17.400712,0.970003,0.000131,0.000000,0.157294
2026-03-31T00:08:17.403384,0.962992,-0.000053,0.000000,0.135643
2026-03-31T00:08:17.403520,0.965325,0.000124,0.000000,0.168019
2026-03-31T00:08:17.406249,0.956197,-0.000019,0.000000,0.160011
2026-03-31T00:08:17.409023,0.948194,0.000041,0.000000,0.154118
2026-03-31T00:08:17.411822,0.954288,0.000045,0.000000,0.156293
2026-03-31T00:08:17.411948,0.921399,-0.000111,0.000000,0.160100
2026-03-31T00:08:17.414521,0.911251,-0.000031,0.000000,0.163407
2026-03-31T00:08:17.419792,0.922933,-0.000055,0.000000,0.160724
2026-03-31T00:08:17.420012,0.918642,0.000100,0.000000,0.156265
2026-03-31T00:08:17.422687,0.918897,0.000117,0.000000,0.159165
2026-03-31T00:08:17.422800,0.910744,0.000039,0.000000,0.166946
2026-03-31T00:08:17.425562,0.915430,-0.000049,0.000000,0.164135
2026-03-31T00:08:17.428393,0.902666,-0.000038,0.000000,0.166046
2026-03-31T00:08:17.430994,0.873944,-0.000299,0.000000,0.195568
2026-03-31T00:08:17.431102,0.874911,0.000212,0.000000,0.171638
2026-03-31T00:08:17.433803,0.868939,-0.000112,0.000000,0.177739
2026-03-31T00:08:17.436621,0.877333,-0.000059,0.000000,0.179015
2026-03-31T00:08:17.439303,0.878944,-0.000182,0.000000,0.172505
2026-03-31T00:08:17.442194,0.859472,0.000111,0.000000,0.179104
2026-03-31T00:08:17.442313,0.868949,0.000010,0.000000,0.178689
2026-03-31T00:08:17.444876,0.866250,-0.000171,0.000000,0.180151
2026-03-31T00:08:17.447761,0.832476,0.000146,0.000000,0.176119
2026-03-31T00:08:17.450509,0.842133,0.000217,0.000000,0.175872
2026-03-31T00:08:17.450641,0.854384,-0.000041,0.000000,0.172462
2026-03-31T00:08:17.453252,0.838322,0.000166,0.000000,0.175564
2026-03-31T00:08:17.455930,0.837485,-0.000201,0.000000,0.174310
2026-03-31T00:08:17.458787,0.840080,-0.000129,0.000000,0.175007
2026-03-31T00:08:17.461401,0.840076,-0.000174,0.000000,0.172778
2026-03-31T00:08:17.461529,0.832549,0.000007,0.000000,0.192998
2026-03-31T00:08:17.464241,0.810761,-0.000002,0.000000,0.172645
2026-03-31T00:08:17.469843,0.808159,0.000090,0.000000,0.172772
2026-03-31T00:08:17.470055,0.804492,-0.000032,0.000000,0.169378
2026-03-31T00:08:17.472376,0.801483,-0.000029,0.000000,0.171428
2026-03-31T00:08:17.472485,0.799015,-0.000141,0.000000,0.167974
2026-03-31T00:08:17.475237,0.799016,-0.000126,0.000000,0.176240
2026-03-31T00:08:17.478402,0.803616,0.000015,0.000000,0.173624
2026-03-31T00:08:17.480781,0.783793,0.000063,0.000000,0.172474
2026-03-31T00:08:17.480895,0.772811,-0.000099,0.000000,0.175845
2026-03-31T00:08:17.483700,0.772026,0.000182,0.000000,0.170886
2026-03-31T00:08:17.486482,0.769354,-0.000113,0.000000,0.170791
2026-03-31T00:08:17.489128,0.767908,0.000016,0.000000,0.168007
2026-03-31T00:08:17.491922,0.767136,-0.000277,0.000000,0.168627
2026-03-31T00:08:17.492039,0.772130,0.000098,0.000000,0.171868
2026-03-31T00:08:17.494770,0.758730,0.000083,0.000000,0.175893
2026-03-31T00:08:17.497575,0.747957,0.000025,0.000000,0.170787
2026-03-31T00:08:17.500223,0.744212,-0.000118,0.000000,0.167715
2026-03-31T00:08:17.500346,0.740761,0.000207,0.000000,0.171675
2026-03-31T00:08:17.503139,0.736677,0.000059,0.000000,0.172135
2026-03-31T00:08:17.505821,0.742079,-0.000089,0.000000,0.171621
2026-03-31T00:08:17.508605,0.740051,0.000161,0.000000,0.173874
2026-03-31T00:08:17.511248,0.735568,-0.000017,0.000000,0.185663
2026-03-31T00:08:17.511416,0.736937,0.000149,0.000000,0.183036
2026-03-31T00:08:17.514140,0.710843,-0.000222,0.000000,0.181183
2026-03-31T00:08:17.518812,0.717902,0.000054,0.000000,0.181126
2026-03-31T00:08:17.520588,0.704609,-0.000189,0.000000,0.183914
2026-03-31T00:08:17.521037,0.709371,0.000032,0.000000,0.182118
2026-03-31T00:08:17.522324,0.703083,0.000046,0.000000,0.190354
2026-03-31T00:08:17.524973,0.706541,-0.000077,0.000000,0.180600
2026-03-31T00:08:17.527631,0.704041,0.000006,0.000000,0.177771
2026-03-31T00:08:17.530404,0.688402,0.000149,0.000000,0.181796
2026-03-31T00:08:17.530519,0.681888,-0.000034,0.000000,0.180773
2026-03-31T00:08:17.533364,0.680653,-0.000053,0.000000,0.183509
2026-03-31T00:08:17.535957,0.697938,-0.000093,0.000000,0.179840
2026-03-31T00:08:17.538787,0.680630,-0.000037,0.000000,0.180371
2026-03-31T00:08:17.541435,0.678581,0.000152,0.000000,0.180807
2026-03-31T00:08:17.541562,0.674771,-0.000028,0.000000,0.174516
2026-03-31T00:08:17.544258,0.669986,-0.000066,0.000000,0.180695
2026-03-31T00:08:17.547121,0.667674,0.000047,0.000000,0.180067
2026-03-31T00:08:17.549790,0.652344,-0.000182,0.000000,0.183852
2026-03-31T00:08:17.549916,0.649318,-0.000144,0.000000,0.184074
2026-03-31T00:08:17.552579,0.643018,-0.000166,0.000000,0.184583
2026-03-31T00:08:17.555384,0.647065,0.000008,0.000000,0.182772
2026-03-31T00:08:17.558102,0.646113,0.000091,0.000000,0.181558
2026-03-31T00:08:17.560818,0.650094,-0.000052,0.000000,0.181200
2026-03-31T00:08:17.560950,0.648565,-0.000021,0.000000,0.184864
2026-03-31T00:08:17.563711,0.645658,0.000113,0.000000,0.183537
2026-03-31T00:08:17.569207,0.629503,0.000018,0.000000,0.192108
2026-03-31T00:08:17.569377,0.631040,-0.000091,0.000000,0.193467
2026-03-31T00:08:17.569576,0.629932,-0.000096,0.000000,0.191820
2026-03-31T00:08:17.571902,0.630830,0.000021,0.000000,0.192343
2026-03-31T00:08:17.574553,0.626166,0.000058,0.000000,0.189719
2026-03-31T00:08:17.578042,0.630862,-0.000094,0.000000,0.198241
2026-03-31T00:08:17.580148,0.623994,0.000051,0.000000,0.191547
2026-03-31T00:08:17.580260,0.609696,0.000016,0.000000,0.194773
2026-03-31T00:08:17.583001,0.606469,0.000053,0.000000,0.198294
2026-03-31T00:08:17.585812,0.605024,-0.000001,0.000000,0.198499
2026-03-31T00:08:17.588401,0.608027,0.000033,0.000000,0.198516
2026-03-31T00:08:17.588509,0.602975,-0.000254,0.000000,0.198827
2026-03-31T00:08:17.591225,0.606332,0.000127,0.000000,0.196834
2026-03-31T00:08:17.593952,0.601554,0.000143,0.000000,0.194772
2026-03-31T00:08:17.596751,0.600048,0.000081,0.000000,0.212867
2026-03-31T00:08:17.599506,0.591296,-0.000057,0.000000,0.194831
2026-03-31T00:08:17.599617,0.587187,-0.000145,0.000000,0.192868
2026-03-31T00:08:17.602400,0.594176,0.000054,0.000000,0.191252
2026-03-31T00:08:17.605186,0.594414,-0.000154,0.000000,0.192150
2026-03-31T00:08:17.607861,0.589377,0.000004,0.000000,0.196705
2026-03-31T00:08:17.610592,0.589994,-0.000118,0.000000,0.196513
2026-03-31T00:08:17.610727,0.586822,-0.000166,0.000000,0.194132
2026-03-31T00:08:17.613510,0.578973,0.000107,0.000000,0.196374
2026-03-31T00:08:17.619761,0.581982,0.000094,0.000000,0.193373
2026-03-31T00:08:17.619960,0.573111,0.000000,0.000000,0.189595
2026-03-31T00:08:17.620578,0.579117,0.000142,0.000000,0.192658
2026-03-31T00:08:17.621563,0.581533,-0.000130,0.000000,0.183105
2026-03-31T00:08:17.624308,0.571984,-0.000199,0.000000,0.189855
2026-03-31T00:08:17.627058,0.569798,-0.000053,0.000000,0.190865
2026-03-31T00:08:17.629805,0.568908,0.000186,0.000000,0.188745
2026-03-31T00:08:17.629922,0.571633,-0.000013,0.000000,0.185563
2026-03-31T00:08:17.632760,0.550919,0.000032,0.000000,0.188697
2026-03-31T00:08:17.635587,0.550748,-0.000019,0.000000,0.182291
2026-03-31T00:08:17.638280,0.551633,-0.000065,0.000000,0.192924
2026-03-31T00:08:17.638392,0.552471,0.000031,0.000000,0.184393
2026-03-31T00:08:17.641082,0.551747,0.000233,0.000000,0.188632
2026-03-31T00:08:17.643814,0.557295,-0.000051,0.000000,0.181820
2026-03-31T00:08:17.646312,0.547441,-0.000075,0.000000,0.184702
2026-03-31T00:08:17.649193,0.546054,0.000103,0.000000,0.184445
2026-03-31T00:08:17.649321,0.536403,0.000083,0.000000,0.182723
2026-03-31T00:08:17.651955,0.535589,0.000023,0.000000,0.177220
2026-03-31T00:08:17.654712,0.543472,-0.000047,0.000000,0.177379
2026-03-31T00:08:17.657509,0.539930,-0.000073,0.000000,0.181573
2026-03-31T00:08:17.657632,0.536283,-0.000122,0.000000,0.181333
2026-03-31T00:08:17.660219,0.534442,-0.000035,0.000000,0.182046
2026-03-31T00:08:17.662896,0.529166,-0.000048,0.000000,0.192363
2026-03-31T00:08:17.669636,0.543159,-0.000106,0.000000,0.188312
2026-03-31T00:08:17.669835,0.514259,0.000027,0.000000,0.189572
2026-03-31T00:08:17.670078,0.518095,-0.000088,0.000000,0.187355
2026-03-31T00:08:17.671313,0.519542,0.000033,0.000000,0.184724
2026-03-31T00:08:17.673931,0.500615,-0.000027,0.000000,0.189548
2026-03-31T00:08:17.676591,0.517898,0.000044,0.000000,0.189525
2026-03-31T00:08:17.679391,0.518589,0.000122,0.000000,0.184933
2026-03-31T00:08:17.679507,0.520879,0.000054,0.000000,0.182331
2026-03-31T00:08:17.682366,0.504640,-0.000098,0.000000,0.176798
2026-03-31T00:08:17.685021,0.505028,-0.000102,0.000000,0.180309
2026-03-31T00:08:17.687765,0.498783,-0.000024,0.000000,0.175807
2026-03-31T00:08:17.687880,0.495209,0.000258,0.000000,0.176762
2026-03-31T00:08:17.690673,0.493920,0.000042,0.000000,0.179872
2026-03-31T00:08:17.693256,0.498548,-0.000032,0.000000,0.179122
2026-03-31T00:08:17.695992,0.475314,-0.000166,0.000000,0.184547
2026-03-31T00:08:17.698822,0.489344,-0.000038,0.000000,0.180676
2026-03-31T00:08:17.698954,0.472320,0.000146,0.000000,0.179623
2026-03-31T00:08:17.701616,0.467421,-0.000226,0.000000,0.186224
2026-03-31T00:08:17.704380,0.469255,0.000229,0.000000,0.179923
2026-03-31T00:08:17.707095,0.453512,0.003120,0.000000,0.178188
2026-03-31T00:08:17.707223,0.467487,-0.000025,0.000000,0.178304
2026-03-31T00:08:17.709880,0.467733,-0.000012,0.000000,0.178059
2026-03-31T00:08:17.712613,0.440182,0.009245,0.000000,0.175891
2026-03-31T00:08:17.715530,0.464337,0.000068,0.000000,0.172407
2026-03-31T00:08:17.719869,0.442493,-0.000125,0.000000,0.168290
2026-03-31T00:08:17.720189,0.440937,-0.000216,0.000000,0.167176
2026-03-31T00:08:17.720891,0.438929,0.000093,0.000000,0.156347
2026-03-31T00:08:17.723577,0.443761,0.000041,0.000000,0.164672
2026-03-31T00:08:17.726278,0.441542,-0.000058,0.000000,0.165836
2026-03-31T00:08:17.726390,0.434011,-0.000086,0.000000,0.172879
2026-03-31T00:08:17.729236,0.433848,0.001112,0.000000,0.168691
2026-03-31T00:08:17.732012,0.407811,-0.000155,0.000000,0.181357
2026-03-31T00:08:17.734631,0.405439,0.001079,0.000000,0.175498
2026-03-31T00:08:17.737380,0.400094,-0.000266,0.000000,0.174501
2026-03-31T00:08:17.737496,0.408144,0.006037,0.000000,0.175682
2026-03-31T00:08:17.740158,0.402386,-0.000038,0.000000,0.171503
2026-03-31T00:08:17.742862,0.408285,0.000962,0.000000,0.170824
2026-03-31T00:08:17.745707,0.388334,0.000851,0.000000,0.178316
2026-03-31T00:08:17.748425,0.397988,0.000960,0.000000,0.167383
2026-03-31T00:08:17.748575,0.381085,0.000074,0.000000,0.173787
2026-03-31T00:08:17.751130,0.370066,0.000958,0.000000,0.172242
2026-03-31T00:08:17.753973,0.385094,0.002215,0.000000,0.174541
2026-03-31T00:08:17.756690,0.370801,-0.000060,0.000000,0.174624
2026-03-31T00:08:17.756813,0.373176,0.001919,0.000000,0.172588
2026-03-31T00:08:17.759501,0.364406,0.003977,0.000000,0.178848
2026-03-31T00:08:17.762247,0.367439,0.001723,0.000000,0.172959
2026-03-31T00:08:17.765044,0.361575,0.001924,0.000000,0.185630
2026-03-31T00:08:17.769814,0.340004,0.000993,0.000000,0.172451
2026-03-31T00:08:17.769989,0.338646,0.002071,0.000000,0.172431
2026-03-31T00:08:17.770628,0.322808,0.000960,0.000000,0.176421
2026-03-31T00:08:17.773382,0.334995,0.001873,0.000000,0.176455
2026-03-31T00:08:17.775938,0.328534,0.002136,0.000000,0.181089
2026-03-31T00:08:17.776064,0.320833,0.001882,0.000000,0.178668
2026-03-31T00:08:17.779051,0.309571,0.002052,0.000000,0.175179
2026-03-31T00:08:17.781589,0.317681,-0.000003,0.000000,0.177870
2026-03-31T00:08:17.784312,0.297630,0.002012,0.000000,0.177556
2026-03-31T00:08:17.787019,0.296876,0.002106,0.000000,0.180632
2026-03-31T00:08:17.787130,0.291989,-0.000082,0.000000,0.176331
2026-03-31T00:08:17.789858,0.285347,-0.000059,0.000000,0.177837
2026-03-31T00:08:17.792602,0.283010,0.001966,0.000000,0.179124
2026-03-31T00:08:17.795442,0.278690,0.004921,0.000000,0.183638
2026-03-31T00:08:17.795550,0.281506,0.002859,0.000000,0.188370
2026-03-31T00:08:17.798142,0.278794,-0.000044,0.000000,0.183191
2026-03-31T00:08:17.800882,0.257810,0.008023,0.000000,0.180779
2026-03-31T00:08:17.803590,0.260236,0.003898,0.000000,0.177670
2026-03-31T00:08:17.806345,0.258728,0.008692,0.000000,0.181686
2026-03-31T00:08:17.806468,0.264859,0.004972,0.000000,0.177214
2026-03-31T00:08:17.809227,0.256630,0.005018,0.000000,0.178194
2026-03-31T00:08:17.811889,0.254392,0.014002,0.000000,0.207467
2026-03-31T00:08:17.814657,0.257521,0.004940,0.000000,0.180618
2026-03-31T00:08:17.820184,0.231823,0.012038,0.000000,0.177104
2026-03-31T00:08:17.820396,0.230872,0.006977,0.000000,0.192180
2026-03-31T00:08:17.820591,0.227682,0.005937,0.000000,0.175741
2026-03-31T00:08:17.822920,0.228082,0.009876,0.000000,0.172581
2026-03-31T00:08:17.825735,0.218654,0.001039,0.000000,0.172893
2026-03-31T00:08:17.825860,0.226384,0.006095,0.000000,0.176435
2026-03-31T00:08:17.828537,0.219709,0.010090,0.000000,0.175924
2026-03-31T00:08:17.831335,0.221323,0.012174,0.000000,0.175438
2026-03-31T00:08:17.834061,0.202692,0.010016,0.000000,0.170143
2026-03-31T00:08:17.836814,0.200391,0.013214,0.000000,0.152191
2026-03-31T00:08:17.836931,0.196756,0.002173,0.000000,0.174631
2026-03-31T00:08:17.839583,0.198720,0.012961,0.000000,0.176125
2026-03-31T00:08:17.842252,0.199559,0.014919,0.000000,0.180551
2026-03-31T00:08:17.845003,0.194632,0.010042,0.000000,0.178517
2026-03-31T00:08:17.845161,0.191142,0.013028,0.000000,0.158857
2026-03-31T00:08:17.847787,0.190208,0.010183,0.000000,0.178046
2026-03-31T00:08:17.850677,0.169629,0.034018,0.000000,0.169558
2026-03-31T00:08:17.853337,0.172394,0.013056,0.000000,0.172033
2026-03-31T00:08:17.856013,0.168954,0.013057,0.000000,0.171095
2026-03-31T00:08:17.856121,0.167416,0.016966,0.000000,0.163427
2026-03-31T00:08:17.858849,0.168789,0.014945,0.000000,0.167255
2026-03-31T00:08:17.861526,0.168333,0.013310,0.000000,0.168331
2026-03-31T00:08:17.864408,0.162469,0.015192,0.000000,0.168609
2026-03-31T00:08:17.864532,0.158413,0.015334,0.000000,0.168596
2026-03-31T00:08:17.869016,0.138066,0.014023,0.000000,0.171937
2026-03-31T00:08:17.870413,0.129088,0.015987,0.000000,0.171715
2026-03-31T00:08:17.872615,0.126453,0.017099,0.000000,0.169438
2026-03-31T00:08:17.875374,0.142058,0.018801,0.000000,0.171686
2026-03-31T00:08:17.875489,0.139808,0.017986,0.000000,0.172188
2026-03-31T00:08:17.878437,0.139115,0.021104,0.000000,0.191773
2026-03-31T00:08:17.880995,0.136106,0.012030,0.000000,0.168719
2026-03-31T00:08:17.883764,0.124328,0.023019,0.000000,0.166517
2026-03-31T00:08:17.886473,0.118427,0.021987,0.000000,0.168531
2026-03-31T00:08:17.886594,0.117619,0.021966,0.000000,0.168426
2026-03-31T00:08:17.889196,0.115473,0.020804,0.000000,0.166729
2026-03-31T00:08:17.892117,0.116717,0.020992,0.000000,0.173105
2026-03-31T00:08:17.894687,0.115215,0.020916,0.000000,0.168620
2026-03-31T00:08:17.894795,0.110422,0.019849,0.000000,0.168462
2026-03-31T00:08:17.897555,0.109475,0.026905,0.000000,0.169955
2026-03-31T00:08:17.900391,0.093203,0.024265,0.000000,0.170506
2026-03-31T00:08:17.903019,0.091714,0.022090,0.000000,0.167627
2026-03-31T00:08:17.905752,0.090741,0.005006,0.000000,0.167314
2026-03-31T00:08:17.905890,0.093236,0.027007,0.000000,0.169698
2026-03-31T00:08:17.908654,0.091478,0.022194,0.000000,0.175147
2026-03-31T00:08:17.911314,0.089810,0.025882,0.000000,0.163838
2026-03-31T00:08:17.914051,0.087440,0.024877,0.000000,0.168777
2026-03-31T00:08:17.914176,0.089327,0.021908,0.000000,0.174165
2026-03-31T00:08:17.920069,0.076077,0.024133,0.000000,0.170441
2026-03-31T00:08:17.920251,0.077453,0.019906,0.000000,0.167239
2026-03-31T00:08:17.922364,0.071938,0.023007,0.000000,0.167743
2026-03-31T00:08:17.924998,0.065957,0.019958,0.000000,0.165825
2026-03-31T00:08:17.925111,0.074061,0.020121,0.000000,0.168889
2026-03-31T00:08:17.927901,0.068753,0.013994,0.000000,0.167207
2026-03-31T00:08:17.930586,0.070527,0.021887,0.000000,0.167473
2026-03-31T00:08:17.933393,0.074421,0.022998,0.000000,0.168442
2026-03-31T00:08:17.933500,0.061887,0.014112,0.000000,0.169203
2026-03-31T00:08:17.936221,0.060308,0.013051,0.000000,0.167750
2026-03-31T00:08:17.938911,0.062833,0.017868,0.000000,0.171540
2026-03-31T00:08:17.941834,0.046729,0.008009,0.000000,0.168903
2026-03-31T00:08:17.944346,0.060365,0.019936,0.000000,0.168966
2026-03-31T00:08:17.944455,0.056510,0.018090,0.000000,0.167826
2026-03-31T00:08:17.947249,0.064515,0.023098,0.000000,0.168688
2026-03-31T00:08:17.949939,0.062385,0.022874,0.000000,0.167765
2026-03-31T00:08:17.952645,0.050640,0.019160,0.000000,0.168536
2026-03-31T00:08:17.955369,0.045341,0.038919,0.000000,0.167482
2026-03-31T00:08:17.955502,0.043594,0.021058,0.000000,0.150104
2026-03-31T00:08:17.958244,0.044401,0.016861,0.000000,0.166548
2026-03-31T00:08:17.960913,0.042234,0.019020,0.000000,0.167898
2026-03-31T00:08:17.963685,0.050130,0.022974,0.000000,0.165913
2026-03-31T00:08:17.963816,0.048413,0.016965,0.000000,0.166429
2026-03-31T00:08:17.970127,0.042565,0.030908,0.000000,0.163961
2026-03-31T00:08:17.970923,0.037292,0.017981,0.000000,0.161694
2026-03-31T00:08:17.972119,0.043880,0.021122,0.000000,0.164264
2026-03-31T00:08:17.974709,0.041946,0.008987,0.000000,0.162419
2026-03-31T00:08:17.974836,0.037397,0.018985,0.000000,0.160127
2026-03-31T00:08:17.977470,0.038199,0.019986,0.000000,0.161854
2026-03-31T00:08:17.980313,0.038872,0.018951,0.000000,0.165888
2026-03-31T00:08:17.983050,0.033624,0.022054,0.000000,0.164182
2026-03-31T00:08:17.983161,0.032148,0.022967,0.000000,0.172967
2026-03-31T00:08:17.985814,0.035360,0.021110,0.000000,0.172211
2026-03-31T00:08:17.988569,0.034542,0.040969,0.000000,0.170014
2026-03-31T00:08:17.991423,0.030735,0.019227,0.000000,0.170964
2026-03-31T00:08:17.994083,0.031439,0.018962,0.000000,0.181159
2026-03-31T00:08:17.994198,0.029494,0.018944,0.000000,0.170304
2026-03-31T00:08:17.996878,0.028589,0.017005,0.000000,0.168488
2026-03-31T00:08:17.999675,0.030649,0.018079,0.000000,0.172603
2026-03-31T00:08:18.002368,0.026384,0.015000,0.000000,0.168932
2026-03-31T00:08:18.002476,0.029912,0.013167,0.000000,0.169094
2026-03-31T00:08:18.005171,0.023165,0.013030,0.000000,0.160672
2026-03-31T00:08:18.008003,0.033666,0.015005,0.000000,0.169154
2026-03-31T00:08:18.010628,0.032940,0.017019,0.000000,0.171800
2026-03-31T00:08:18.013373,0.029030,0.013883,0.000000,0.172691
2026-03-31T00:08:18.013496,0.027150,0.014877,0.000000,0.171237
2026-03-31T00:08:18.020797,0.002080,0.015094,0.000000,0.180500
2026-03-31T00:08:18.021493,0.026276,0.012884,0.000000,0.166517
2026-03-31T00:08:18.021709,0.022558,0.015170,0.000000,0.163711
2026-03-31T00:08:18.024450,0.022650,0.025868,0.000000,0.166232
2026-03-31T00:08:18.024564,0.027861,0.018071,0.000000,0.163871
2026-03-31T00:08:18.027336,0.025882,0.015634,0.000000,0.165108
2026-03-31T00:08:18.029972,0.021961,0.007937,0.000000,0.163532
2026-03-31T00:08:18.032756,0.025744,0.016015,0.000000,0.163614
2026-03-31T00:08:18.032857,0.021098,0.013947,0.000000,0.159480
2026-03-31T00:08:18.035605,0.021889,0.015055,0.000000,0.163228
2026-03-31T00:08:18.038276,0.025042,0.013124,0.000000,0.159113
2026-03-31T00:08:18.041038,0.014940,0.012914,0.000000,0.161330
2026-03-31T00:08:18.043695,0.022374,0.013846,0.000000,0.163562
2026-03-31T00:08:18.043806,0.020371,0.000046,0.000000,0.157687
2026-03-31T00:08:18.046505,0.018459,0.012874,0.000000,0.156267
2026-03-31T00:08:18.049350,0.017016,0.011012,0.000000,0.159212
2026-03-31T00:08:18.051998,0.021484,0.008870,0.000000,0.158692
2026-03-31T00:08:18.052112,0.009408,0.010026,0.000000,0.156685
2026-03-31T00:08:18.054930,0.014153,0.013027,0.000000,0.157076
2026-03-31T00:08:18.057602,0.027383,0.015687,0.000000,0.155456
2026-03-31T00:08:18.060355,0.019491,0.013101,0.000000,0.154343
2026-03-31T00:08:18.063027,0.014066,0.013025,0.000000,0.154514
2026-03-31T00:08:18.063156,0.018598,0.013034,0.000000,0.143517
2026-03-31T00:08:18.069756,0.012548,0.003153,0.000000,0.159815
2026-03-31T00:08:18.070019,0.017835,0.006259,0.000000,0.159129
2026-03-31T00:08:18.071351,0.012792,0.010061,0.000000,0.160536
2026-03-31T00:08:18.071496,0.015165,0.010980,0.000000,0.159754
2026-03-31T00:08:18.074121,0.017449,0.013157,0.000000,0.167778
2026-03-31T00:08:18.076854,0.016282,0.006140,0.000000,0.154599
2026-03-31T00:08:18.079705,0.013964,0.004865,0.000000,0.137374
2026-03-31T00:08:18.082407,0.018567,0.005187,0.000000,0.188520
2026-03-31T00:08:18.082523,0.014802,0.004112,0.000000,0.167818
2026-03-31T00:08:18.085180,0.014225,0.010085,0.000000,0.159216
2026-03-31T00:08:18.087918,0.015692,0.012787,0.000000,0.162766
2026-03-31T00:08:18.090735,0.012627,0.009907,0.000000,0.161841
2026-03-31T00:08:18.093419,0.012755,0.009805,0.000000,0.162333
2026-03-31T00:08:18.093535,0.013144,0.007899,0.000000,0.163374
2026-03-31T00:08:18.096251,0.022983,0.006163,0.000000,0.168351
2026-03-31T00:08:18.099075,0.010432,0.002113,0.000000,0.160014
2026-03-31T00:08:18.101638,-0.000201,0.009141,0.000000,0.159639
2026-03-31T00:08:18.101746,0.012774,0.011047,0.000000,0.167540
2026-03-31T00:08:18.104528,0.011910,0.006150,0.000000,0.162206
2026-03-31T00:08:18.107369,0.013363,-0.000107,0.000000,0.163865
2026-03-31T00:08:18.109926,0.011576,0.000007,0.000000,0.163312
2026-03-31T00:08:18.112649,0.024038,0.007179,0.000000,0.167275
2026-03-31T00:08:18.112793,0.014317,0.007989,0.000000,0.167471
2026-03-31T00:08:18.119632,0.012629,0.006853,0.000000,0.167247
2026-03-31T00:08:18.120585,0.016016,0.005981,0.000000,0.163943
2026-03-31T00:08:18.121157,0.013369,0.005994,0.000000,0.163815
2026-03-31T00:08:18.121339,0.017672,0.004111,0.000000,0.164799
2026-03-31T00:08:18.123880,0.014157,0.005187,0.000000,0.160225
2026-03-31T00:08:18.126471,0.014339,0.007021,0.000000,0.169431
2026-03-31T00:08:18.129295,0.018304,-0.000094,0.000000,0.158810
2026-03-31T00:08:18.132018,0.013381,0.008797,0.000000,0.163485
2026-03-31T00:08:18.132110,0.016272,0.009230,0.000000,0.161480
2026-03-31T00:08:18.134860,0.012961,0.000066,0.000000,0.169059
2026-03-31T00:08:18.137607,0.013539,0.001964,0.000000,0.168148
2026-03-31T00:08:18.140226,0.012428,0.002019,0.000000,0.168519
2026-03-31T00:08:18.140336,0.015422,0.000860,0.000000,0.176490
2026-03-31T00:08:18.143124,0.012496,0.001078,0.000000,0.167929
2026-03-31T00:08:18.145895,0.015143,-0.000072,0.000000,0.168057
2026-03-31T00:08:18.148654,0.039843,0.000119,0.000000,0.168507
2026-03-31T00:08:18.151341,0.011848,-0.000060,0.000000,0.168035
2026-03-31T00:08:18.151463,0.012226,-0.000014,0.000000,0.165709
2026-03-31T00:08:18.154229,0.015449,0.000013,0.000000,0.165575
2026-03-31T00:08:18.156957,0.013180,0.000016,0.000000,0.161837
2026-03-31T00:08:18.159638,0.002641,-0.000142,0.000000,0.163994
2026-03-31T00:08:18.162373,0.013547,0.007032,0.000000,0.162554
2026-03-31T00:08:18.162504,0.013535,0.001136,0.000000,0.159953
2026-03-31T00:08:18.169524,0.022205,0.000280,0.000000,0.168643
2026-03-31T00:08:18.169749,0.009830,0.001956,0.000000,0.168166
2026-03-31T00:08:18.170702,0.015399,0.002160,0.000000,0.168616
2026-03-31T00:08:18.170850,0.012414,0.002948,0.000000,0.164522
2026-03-31T00:08:18.173505,0.012773,0.002875,0.000000,0.150765
2026-03-31T00:08:18.176123,0.015019,0.001902,0.000000,0.169780
2026-03-31T00:08:18.179062,0.013740,0.000894,0.000000,0.175297
2026-03-31T00:08:18.181731,0.000793,0.000145,0.000000,0.171500
2026-03-31T00:08:18.181844,0.014039,-0.000084,0.000000,0.174300
2026-03-31T00:08:18.184515,0.011953,0.001902,0.000000,0.172484
2026-03-31T00:08:18.187227,0.014524,0.012991,0.000000,0.167181
2026-03-31T00:08:18.189975,0.004799,0.007102,0.000000,0.168695
2026-03-31T00:08:18.190087,0.009850,0.006944,0.000000,0.165133
2026-03-31T00:08:18.192832,0.014256,0.007057,0.000000,0.167695
2026-03-31T00:08:18.195610,0.011607,0.007079,0.000000,0.181968
2026-03-31T00:08:18.198410,0.011750,0.009126,0.000000,0.171857
2026-03-31T00:08:18.201004,0.011396,0.005105,0.000000,0.172908
2026-03-31T00:08:18.201118,0.012700,0.013904,0.000000,0.168153
2026-03-31T00:08:18.203838,0.011964,0.009685,0.000000,0.170357
2026-03-31T00:08:18.206564,0.007561,0.011020,0.000000,0.168681
2026-03-31T00:08:18.209331,0.014356,0.009961,0.000000,0.166337
2026-03-31T00:08:18.209461,0.009350,0.009223,0.000000,0.165418
2026-03-31T00:08:18.212135,0.011575,0.011760,0.000000,0.168555
2026-03-31T00:08:18.214878,0.018499,0.013049,0.000000,0.166354
2026-03-31T00:08:18.219816,0.011020,0.011833,0.000000,0.166700
2026-03-31T00:08:18.220339,0.013389,0.013148,0.000000,0.163327
2026-03-31T00:08:18.220663,0.012080,0.014125,0.000000,0.159640
2026-03-31T00:08:18.223147,0.013024,0.012926,0.000000,0.159376
2026-03-31T00:08:18.225831,0.010105,0.013062,0.000000,0.160462
2026-03-31T00:08:18.228708,0.009191,0.009891,0.000000,0.164644
2026-03-31T00:08:18.231355,0.015034,0.013073,0.000000,0.161939
2026-03-31T00:08:18.231467,0.012749,0.013855,0.000000,0.159381
2026-03-31T00:08:18.234298,0.008920,0.013098,0.000000,0.156792
2026-03-31T00:08:18.236929,0.010109,0.011961,0.000000,0.160495
2026-03-31T00:08:18.239610,0.011715,0.007928,0.000000,0.158440
2026-03-31T00:08:18.239719,0.013511,0.022726,0.000000,0.160077
2026-03-31T00:08:18.242592,0.012846,0.012926,0.000000,0.163289
2026-03-31T00:08:18.245248,0.008866,0.012690,0.000000,0.163180
2026-03-31T00:08:18.248129,0.012001,0.022802,0.000000,0.166443
2026-03-31T00:08:18.250812,0.000975,0.012922,0.000000,0.164833
2026-03-31T00:08:18.250934,0.009902,0.026299,0.000000,0.168299
2026-03-31T00:08:18.253518,0.008490,0.013139,0.000000,0.163633
2026-03-31T00:08:18.256211,0.017709,0.013920,0.000000,0.167871
2026-03-31T00:08:18.259063,0.012517,0.027966,0.000000,0.163647
2026-03-31T00:08:18.259204,0.012010,0.014881,0.000000,0.164454
2026-03-31T00:08:18.261858,0.011028,0.013792,0.000000,0.164346
2026-03-31T00:08:18.264542,0.011823,0.000073,0.000000,0.164835
2026-03-31T00:08:18.269571,0.009074,0.014811,0.000000,0.156427
2026-03-31T00:08:18.270290,0.029716,0.012905,0.000000,0.167560
2026-03-31T00:08:18.270521,0.015106,0.023084,0.000000,0.168048
2026-03-31T00:08:18.272782,0.013965,0.013918,0.000000,0.165241
2026-03-31T00:08:18.275604,0.013525,0.025952,0.000000,0.167920
2026-03-31T00:08:18.278526,0.023773,0.017894,0.000000,0.167145
2026-03-31T00:08:18.278637,0.011982,0.014963,0.000000,0.159859
2026-03-31T00:08:18.281093,0.011536,0.017938,0.000000,0.162424
2026-03-31T00:08:18.283968,0.012435,0.014886,0.000000,0.165360
2026-03-31T00:08:18.286618,0.010682,0.015998,0.000000,0.150568
2026-03-31T00:08:18.289316,0.010696,0.014097,0.000000,0.154765
2026-03-31T00:08:18.289423,0.013103,0.013211,0.000000,0.150649
2026-03-31T00:08:18.292294,0.007606,0.001937,0.000000,0.151465
2026-03-31T00:08:18.294891,0.009848,0.018191,0.000000,0.151957
2026-03-31T00:08:18.297611,0.009743,0.013852,0.000000,0.154647
2026-03-31T00:08:18.300437,0.009518,0.017007,0.000000,0.153094
2026-03-31T00:08:18.300556,0.008873,0.013217,0.000000,0.153282
2026-03-31T00:08:18.303215,0.010395,0.023122,0.000000,0.146911
2026-03-31T00:08:18.305973,0.038824,0.020840,0.000000,0.147608
2026-03-31T00:08:18.308651,0.006370,0.024876,0.000000,0.148129
2026-03-31T00:08:18.308773,0.010501,0.015827,0.000000,0.144273
2026-03-31T00:08:18.311523,0.005250,-0.000125,0.000000,0.147111
2026-03-31T00:08:18.314349,0.009933,0.019946,0.000000,0.135349
2026-03-31T00:08:18.319909,0.011196,0.014792,0.000000,0.141987
2026-03-31T00:08:18.320172,0.009819,0.023072,0.000000,0.141223
2026-03-31T00:08:18.320632,0.008329,0.015021,0.000000,0.141816
2026-03-31T00:08:18.322510,0.009330,0.016034,0.000000,0.141543
2026-03-31T00:08:18.325209,0.010840,0.014964,0.000000,0.141870
2026-03-31T00:08:18.328386,0.005476,0.013814,0.000000,0.145381
2026-03-31T00:08:18.328519,0.033786,0.014856,0.000000,0.141883
2026-03-31T00:08:18.330778,0.012950,0.014058,0.000000,0.140956
2026-03-31T00:08:18.333658,0.014120,0.017299,0.000000,0.164318
2026-03-31T00:08:18.336332,0.011402,0.023961,0.000000,0.141403
2026-03-31T00:08:18.339076,0.004220,0.017053,0.000000,0.150216
2026-03-31T00:08:18.339192,0.014244,0.015042,0.000000,0.149534
2026-03-31T00:08:18.341932,0.008192,0.015058,0.000000,0.146432
2026-03-31T00:08:18.344675,-0.000593,0.014916,0.000000,0.148384
2026-03-31T00:08:18.347412,0.010478,0.014975,0.000000,0.147207
2026-03-31T00:08:18.347530,0.010443,0.010010,0.000000,0.151346
2026-03-31T00:08:18.350243,0.014072,0.013104,0.000000,0.145894
2026-03-31T00:08:18.352923,0.013177,0.019080,0.000000,0.141702
2026-03-31T00:08:18.355572,0.008186,0.022974,0.000000,0.143289
2026-03-31T00:08:18.358513,0.009903,0.013057,0.000000,0.126491
2026-03-31T00:08:18.358641,0.012180,0.016769,0.000000,0.141570
2026-03-31T00:08:18.361175,0.014214,0.017279,0.000000,0.142736
2026-03-31T00:08:18.363857,0.025438,0.018983,0.000000,0.142175
2026-03-31T00:08:18.370080,0.008671,0.017097,0.000000,0.138685
2026-03-31T00:08:18.370634,0.009530,0.021028,0.000000,0.142512
2026-03-31T00:08:18.370791,0.010806,0.017838,0.000000,0.143366
2026-03-31T00:08:18.372209,0.007217,0.015166,0.000000,0.142533
2026-03-31T00:08:18.374936,0.008142,0.019095,0.000000,0.141614
2026-03-31T00:08:18.377735,0.012759,0.014828,0.000000,0.145139
2026-03-31T00:08:18.377904,0.012699,0.018898,0.000000,0.146789
2026-03-31T00:08:18.380526,0.007791,0.019958,0.000000,0.152158
2026-03-31T00:08:18.383333,0.005587,0.022969,0.000000,0.143823
2026-03-31T00:08:18.386017,0.010020,0.024078,0.000000,0.144569
2026-03-31T00:08:18.388701,0.012209,0.017885,0.000000,0.144126
2026-03-31T00:08:18.388811,0.005338,0.023024,0.000000,0.139159
2026-03-31T00:08:18.391704,0.004665,0.015040,0.000000,0.138764
2026-03-31T00:08:18.394241,0.012185,0.022213,0.000000,0.132792
2026-03-31T00:08:18.397027,0.008342,0.020879,0.000000,0.134183
2026-03-31T00:08:18.397139,0.003570,0.020913,0.000000,0.136279
2026-03-31T00:08:18.399920,0.006500,0.015026,0.000000,0.129785
2026-03-31T00:08:18.402548,0.009448,0.023218,0.000000,0.139291
2026-03-31T00:08:18.405387,0.015240,0.015269,0.000000,0.144587
2026-03-31T00:08:18.408102,0.010051,0.014015,0.000000,0.148470
2026-03-31T00:08:18.408215,0.008767,0.013999,0.000000,0.146434
2026-03-31T00:08:18.410913,0.010171,0.015144,0.000000,0.146851
2026-03-31T00:08:18.413610,0.011867,0.017809,0.000000,0.144277
2026-03-31T00:08:18.418001,0.010692,0.019882,0.000000,0.143318
2026-03-31T00:08:18.419779,0.011926,0.019140,0.000000,0.141420
2026-03-31T00:08:18.420120,0.008851,0.014121,0.000000,0.142931
2026-03-31T00:08:18.421844,0.013390,0.016263,0.000000,0.135300
2026-03-31T00:08:18.424644,0.011313,0.024733,0.000000,0.135696
2026-03-31T00:08:18.427768,0.014380,0.014929,0.000000,0.135503
2026-03-31T00:08:18.427913,0.011049,0.014023,0.000000,0.137691
2026-03-31T00:08:18.430134,0.012901,0.017956,0.000000,0.136604
2026-03-31T00:08:18.432927,0.011389,0.017106,0.000000,0.134468
2026-03-31T00:08:18.435658,0.013561,0.019248,0.000000,0.134583
2026-03-31T00:08:18.438360,0.012448,0.021155,0.000000,0.141394
2026-03-31T00:08:18.438475,0.013379,0.015138,0.000000,0.142408
2026-03-31T00:08:18.441258,0.013852,0.012097,0.000000,0.142098
2026-03-31T00:08:18.443905,0.013521,0.013137,0.000000,0.142235
2026-03-31T00:08:18.446666,0.010452,0.012997,0.000000,0.142181
2026-03-31T00:08:18.446780,0.012848,0.013026,0.000000,0.142906
2026-03-31T00:08:18.449538,0.015660,0.013860,0.000000,0.142954
2026-03-31T00:08:18.452229,0.014879,0.013171,0.000000,0.147887
2026-03-31T00:08:18.454925,0.015274,0.013106,0.000000,0.142343
2026-03-31T00:08:18.457791,0.013954,0.010942,0.000000,0.141699
2026-03-31T00:08:18.457918,0.012036,0.012032,0.000000,0.141207
2026-03-31T00:08:18.460518,0.016222,0.009910,0.000000,0.141343
2026-03-31T00:08:18.463280,0.020100,0.023731,0.000000,0.141772
2026-03-31T00:08:18.469923,0.017961,0.039126,0.000000,0.140580
2026-03-31T00:08:18.470124,0.010379,0.012028,0.000000,0.142224
2026-03-31T00:08:18.470319,0.019309,0.012898,0.000000,0.141141
2026-03-31T00:08:18.471578,0.014573,0.010161,0.000000,0.131422
2026-03-31T00:08:18.474320,0.015551,0.011993,0.000000,0.159316
2026-03-31T00:08:18.477002,0.012749,0.015138,0.000000,0.137802
2026-03-31T00:08:18.477117,0.016041,0.011000,0.000000,0.134608
2026-03-31T00:08:18.480013,0.020756,0.010943,0.000000,0.136356
2026-03-31T00:08:18.482755,0.015072,0.009856,0.000000,0.137031
2026-03-31T00:08:18.485471,0.017548,0.012849,0.000000,0.139087
2026-03-31T00:08:18.485577,0.021327,0.012913,0.000000,0.141922
2026-03-31T00:08:18.488444,0.023476,0.009943,0.000000,0.141897
2026-03-31T00:08:18.491095,0.026989,0.012794,0.000000,0.142438
2026-03-31T00:08:18.493819,0.027408,0.000031,0.000000,0.142281
2026-03-31T00:08:18.496543,0.034521,0.032045,0.000000,0.143553
2026-03-31T00:08:18.496654,0.027571,-0.000256,0.000000,0.143429
2026-03-31T00:08:18.499320,0.027774,0.009249,0.000000,0.141622
2026-03-31T00:08:18.501857,0.028150,0.000339,0.000000,0.146903
2026-03-31T00:08:18.504648,0.033440,0.011757,0.000000,0.142165
2026-03-31T00:08:18.507482,0.037609,0.010096,0.000000,0.141817
2026-03-31T00:08:18.507618,0.032880,0.009903,0.000000,0.141598
2026-03-31T00:08:18.510280,0.036042,0.006876,0.000000,0.137193
2026-03-31T00:08:18.513032,0.028043,0.021783,0.000000,0.142304
2026-03-31T00:08:18.518645,0.032722,0.009171,0.000000,0.142273
2026-03-31T00:08:18.518803,0.040374,0.009975,0.000000,0.143510
2026-03-31T00:08:18.519049,0.036186,0.002949,0.000000,0.141994
2026-03-31T00:08:18.521369,0.040907,0.010005,0.000000,0.139472
2026-03-31T00:08:18.524010,0.050018,0.011189,0.000000,0.138475
2026-03-31T00:08:18.526748,0.040823,0.000047,0.000000,0.146981
2026-03-31T00:08:18.526848,0.039068,0.003869,0.000000,0.141995
2026-03-31T00:08:18.529781,0.038679,0.009051,0.000000,0.137641
2026-03-31T00:08:18.532438,0.040591,0.005157,0.000000,0.138479
2026-03-31T00:08:18.535070,0.039396,0.001122,0.000000,0.134530
2026-03-31T00:08:18.535177,0.038692,0.010053,0.000000,0.138142
2026-03-31T00:08:18.537826,0.051515,0.004049,0.000000,0.141641
2026-03-31T00:08:18.540703,0.043472,0.006058,0.000000,0.142273
2026-03-31T00:08:18.543365,0.052231,0.002107,0.000000,0.142072
2026-03-31T00:08:18.546081,0.041170,0.006072,0.000000,0.147539
2026-03-31T00:08:18.546196,0.046835,0.005167,0.000000,0.146704
2026-03-31T00:08:18.549023,0.056357,0.006171,0.000000,0.145638
2026-03-31T00:08:18.551589,0.048830,0.006258,0.000000,0.150417
2026-03-31T00:08:18.554342,0.047310,0.005862,0.000000,0.142327
2026-03-31T00:08:18.554469,0.054643,0.007896,0.000000,0.138459
2026-03-31T00:08:18.557311,0.055572,0.000906,0.000000,0.141177
2026-03-31T00:08:18.560003,0.055468,0.006101,0.000000,0.141588
2026-03-31T00:08:18.562839,0.060424,0.006114,0.000000,0.139375
2026-03-31T00:08:18.567621,0.056823,0.000855,0.000000,0.141856
2026-03-31T00:08:18.567829,0.059304,0.008141,0.000000,0.138642
2026-03-31T00:08:18.568954,0.057034,0.008098,0.000000,0.141643
2026-03-31T00:08:18.570911,0.059675,0.007838,0.000000,0.142503
2026-03-31T00:08:18.573684,0.062992,0.010044,0.000000,0.149379
2026-03-31T00:08:18.576362,0.070014,0.007608,0.000000,0.152295
2026-03-31T00:08:18.576476,0.075880,0.004851,0.000000,0.149666
2026-03-31T00:08:18.579250,0.076650,0.007213,0.000000,0.152670
2026-03-31T00:08:18.582142,0.077407,0.009212,0.000000,0.150388
2026-03-31T00:08:18.584760,0.076753,0.008315,0.000000,0.142759
2026-03-31T00:08:18.584870,0.078522,0.004946,0.000000,0.149781
2026-03-31T00:08:18.587684,0.084225,0.000009,0.000000,0.145780
2026-03-31T00:08:18.590359,0.081367,0.001971,0.000000,0.145804
2026-03-31T00:08:18.592927,0.077711,0.003009,0.000000,0.141250
2026-03-31T00:08:18.595682,0.064330,0.001102,0.000000,0.143177
2026-03-31T00:08:18.595795,0.079842,0.003091,0.000000,0.144568
2026-03-31T00:08:18.598657,0.079088,0.005046,0.000000,0.142441
2026-03-31T00:08:18.601258,0.084833,0.011071,0.000000,0.143530
2026-03-31T00:08:18.604098,0.084222,0.001928,0.000000,0.141873
2026-03-31T00:08:18.604223,0.085094,0.005183,0.000000,0.141560
2026-03-31T00:08:18.607017,0.092642,-0.000053,0.000000,0.141581
2026-03-31T00:08:18.609579,0.084319,0.004092,0.000000,0.141783
2026-03-31T00:08:18.612447,0.088075,0.004840,0.000000,0.138771
2026-03-31T00:08:18.619193,0.088733,0.005050,0.000000,0.141976
2026-03-31T00:08:18.619568,0.084831,0.002095,0.000000,0.142035
2026-03-31T00:08:18.620113,0.085885,0.009888,0.000000,0.138753
2026-03-31T00:08:18.620693,0.090522,0.008968,0.000000,0.144120
2026-03-31T00:08:18.623369,0.100990,0.004845,0.000000,0.150227
2026-03-31T00:08:18.623480,0.118141,0.007009,0.000000,0.147447
2026-03-31T00:08:18.626109,0.104461,0.000029,0.000000,0.146563
2026-03-31T00:08:18.628884,0.105906,0.006157,0.000000,0.147366
2026-03-31T00:08:18.631768,0.110298,0.008038,0.000000,0.146453
2026-03-31T00:08:18.634419,0.109523,0.007850,0.000000,0.152071
2026-03-31T00:08:18.634531,0.102727,0.008792,0.000000,0.150264
2026-03-31T00:08:18.637403,0.112734,0.010873,0.000000,0.150826
2026-03-31T00:08:18.640080,0.115852,0.010983,0.000000,0.151940
2026-03-31T00:08:18.642756,0.110897,0.011009,0.000000,0.146594
2026-03-31T00:08:18.645786,0.115148,0.007845,0.000000,0.144647
2026-03-31T00:08:18.645925,0.112231,0.010067,0.000000,0.150268
2026-03-31T00:08:18.648452,0.116830,0.011118,0.000000,0.155647
2026-03-31T00:08:18.651070,0.125266,0.009189,0.000000,0.146806
2026-03-31T00:08:18.653914,0.111267,0.003787,0.000000,0.152235
2026-03-31T00:08:18.654044,0.104711,0.010025,0.000000,0.150321
2026-03-31T00:08:18.656697,0.110864,0.011143,0.000000,0.148950
2026-03-31T00:08:18.659443,0.106979,0.009890,0.000000,0.148869
2026-03-31T00:08:18.662204,0.104636,0.010095,0.000000,0.149559
2026-03-31T00:08:18.664998,0.107552,0.011173,0.000000,0.149175
2026-03-31T00:08:18.665129,0.105473,0.009116,0.000000,0.152140
2026-03-31T00:08:18.669562,0.106403,0.001122,0.000000,0.145309
2026-03-31T00:08:18.670498,0.108101,0.003394,0.000000,0.150806
2026-03-31T00:08:18.673066,0.102007,0.006904,0.000000,0.145566
2026-03-31T00:08:18.673179,0.103675,0.009929,0.000000,0.141796
2026-03-31T00:08:18.675854,0.108710,0.009022,0.000000,0.152685
2026-03-31T00:08:18.678566,0.106429,0.009954,0.000000,0.147119
2026-03-31T00:08:18.681613,0.120254,0.013054,0.000000,0.151077
2026-03-31T00:08:18.684210,0.098952,0.008052,0.000000,0.160601
2026-03-31T00:08:18.684319,0.103698,0.009922,0.000000,0.150966
2026-03-31T00:08:18.687146,0.097600,0.009869,0.000000,0.152683
2026-03-31T00:08:18.689705,0.098281,0.012968,0.000000,0.153751
2026-03-31T00:08:18.692289,0.100674,0.010253,0.000000,0.155293
2026-03-31T00:08:18.692398,0.102991,0.012933,0.000000,0.155821
2026-03-31T00:08:18.695138,0.099342,0.004895,0.000000,0.156654
2026-03-31T00:08:18.697894,0.099338,0.008985,0.000000,0.170355
2026-03-31T00:08:18.700648,0.098033,0.011989,0.000000,0.144582
2026-03-31T00:08:18.703359,0.094757,0.012773,0.000000,0.160492
2026-03-31T00:08:18.703506,0.099512,0.009010,0.000000,0.157002
2026-03-31T00:08:18.706153,0.089407,0.008117,0.000000,0.151773
2026-03-31T00:08:18.708877,0.090955,0.010034,0.000000,0.152413
2026-03-31T00:08:18.711663,0.091122,0.005989,0.000000,0.155356
2026-03-31T00:08:18.714465,0.089508,0.005805,0.000000,0.154887
2026-03-31T00:08:18.714599,0.093564,0.012882,0.000000,0.151249
2026-03-31T00:08:18.719948,0.088226,0.008240,0.000000,0.155316
2026-03-31T00:08:18.720133,0.091727,0.010851,0.000000,0.154398
2026-03-31T00:08:18.722721,0.089448,0.006989,0.000000,0.151787
2026-03-31T00:08:18.722860,0.084136,0.010959,0.000000,0.153126
2026-03-31T00:08:18.725432,0.085970,0.009902,0.000000,0.150703
2026-03-31T00:08:18.728484,0.087038,0.012989,0.000000,0.156698
2026-03-31T00:08:18.730946,0.084480,0.009024,0.000000,0.142508
2026-03-31T00:08:18.733753,0.087426,0.006938,0.000000,0.155604
2026-03-31T00:08:18.733878,0.090601,0.013093,0.000000,0.151482
2026-03-31T00:08:18.736519,0.087655,0.011003,0.000000,0.153263
2026-03-31T00:08:18.739290,0.082747,0.007918,0.000000,0.154606
2026-03-31T00:08:18.742061,0.103245,0.007120,0.000000,0.152181
2026-03-31T00:08:18.742179,0.088130,0.013249,0.000000,0.155552
2026-03-31T00:08:18.744902,0.086448,0.006036,0.000000,0.164150
2026-03-31T00:08:18.747596,0.084464,0.006195,0.000000,0.155714
2026-03-31T00:08:18.750387,0.082279,0.005085,0.000000,0.147018
2026-03-31T00:08:18.752962,0.082529,0.008741,0.000000,0.155124
2026-03-31T00:08:18.753088,0.082730,0.011041,0.000000,0.166225
2026-03-31T00:08:18.755832,0.085124,0.004055,0.000000,0.166914
2026-03-31T00:08:18.758654,0.080654,0.007891,0.000000,0.167584
2026-03-31T00:08:18.761331,0.113806,0.006796,0.000000,0.166596
2026-03-31T00:08:18.761455,0.083180,0.010016,0.000000,0.166565
2026-03-31T00:08:18.764328,0.081668,0.005930,0.000000,0.165149
2026-03-31T00:08:18.769142,0.080105,0.008017,0.000000,0.164059
2026-03-31T00:08:18.769724,0.082183,0.004073,0.000000,0.161751
2026-03-31T00:08:18.772344,0.085048,0.009081,0.000000,0.165070
2026-03-31T00:08:18.772461,0.079826,0.010026,0.000000,0.184369
2026-03-31T00:08:18.775141,0.080183,0.008085,0.000000,0.162810
2026-03-31T00:08:18.777944,0.077438,0.013021,0.000000,0.163338
2026-03-31T00:08:18.780646,0.078941,0.006031,0.000000,0.162825
2026-03-31T00:08:18.783430,0.086835,0.012907,0.000000,0.158241
2026-03-31T00:08:18.783566,0.082037,0.007154,0.000000,0.155820
2026-03-31T00:08:18.786237,0.078628,0.008046,0.000000,0.156734
2026-03-31T00:08:18.788892,0.074512,0.007923,0.000000,0.163428
2026-03-31T00:08:18.791794,0.079492,0.001820,0.000000,0.159442
2026-03-31T00:08:18.791909,0.070003,0.004012,0.000000,0.158456
2026-03-31T00:08:18.794540,0.077660,0.001842,0.000000,0.158479
2026-03-31T00:08:18.797323,0.074996,0.000059,0.000000,0.158224
2026-03-31T00:08:18.800072,0.076427,0.002200,0.000000,0.147557
2026-03-31T00:08:18.802703,0.079691,0.000255,0.000000,0.160708
2026-03-31T00:08:18.802838,0.081494,0.002059,0.000000,0.158427
2026-03-31T00:08:18.805570,0.077575,0.004983,0.000000,0.163283
2026-03-31T00:08:18.808328,0.077055,-0.000038,0.000000,0.165848
2026-03-31T00:08:18.811080,0.077145,0.004027,0.000000,0.156525
2026-03-31T00:08:18.811206,0.077063,0.000071,0.000000,0.167957
2026-03-31T00:08:18.813887,0.078309,-0.000132,0.000000,0.164647
2026-03-31T00:08:18.820384,0.075335,0.003004,0.000000,0.167680
2026-03-31T00:08:18.820571,0.082997,-0.000002,0.000000,0.168200
2026-03-31T00:08:18.821974,0.079238,0.001949,0.000000,0.166797
2026-03-31T00:08:18.822083,0.091631,0.001843,0.000000,0.164560
2026-03-31T00:08:18.824838,0.085652,0.006019,0.000000,0.167530
2026-03-31T00:08:18.827560,0.086291,-0.000054,0.000000,0.154616
2026-03-31T00:08:18.830365,0.083664,0.000147,0.000000,0.167156
2026-03-31T00:08:18.830474,0.085008,0.002899,0.000000,0.170406
2026-03-31T00:08:18.833245,0.082606,0.001829,0.000000,0.180751
2026-03-31T00:08:18.835936,0.079850,0.001061,0.000000,0.182220
2026-03-31T00:08:18.838646,0.078002,0.000861,0.000000,0.175435
2026-03-31T00:08:18.841415,0.081614,-0.000150,0.000000,0.160250
2026-03-31T00:08:18.841525,0.088298,0.000226,0.000000,0.176140
2026-03-31T00:08:18.844239,0.082596,0.000104,0.000000,0.177406
2026-03-31T00:08:18.846931,0.081909,0.002183,0.000000,0.169542
2026-03-31T00:08:18.849762,0.084550,0.001056,0.000000,0.172516
2026-03-31T00:08:18.852382,0.079789,0.000062,0.000000,0.173142
2026-03-31T00:08:18.852503,0.082452,0.000093,0.000000,0.171736
2026-03-31T00:08:18.855137,0.085172,-0.000186,0.000000,0.170705
2026-03-31T00:08:18.857965,0.091673,0.000106,0.000000,0.167750
2026-03-31T00:08:18.860647,0.083822,0.000032,0.000000,0.168487
2026-03-31T00:08:18.860773,0.090456,0.000031,0.000000,0.168050
2026-03-31T00:08:18.863518,0.083936,-0.000106,0.000000,0.167314
2026-03-31T00:08:18.870460,0.088090,0.000078,0.000000,0.171623
2026-03-31T00:08:18.870640,0.088815,-0.000229,0.000000,0.166522
2026-03-31T00:08:18.871874,0.090083,-0.000064,0.000000,0.167211
2026-03-31T00:08:18.872024,0.087580,-0.000036,0.000000,0.165387
2026-03-31T00:08:18.874579,0.089684,-0.000189,0.000000,0.165258
2026-03-31T00:08:18.877289,0.091450,-0.000025,0.000000,0.165826
2026-03-31T00:08:18.880040,0.096854,0.000013,0.000000,0.166683
2026-03-31T00:08:18.880156,0.088856,0.000018,0.000000,0.164615
2026-03-31T00:08:18.882868,0.090183,0.000140,0.000000,0.167567
2026-03-31T00:08:18.885604,0.092979,-0.000147,0.000000,0.167728
2026-03-31T00:08:18.888365,0.092740,0.000031,0.000000,0.163984
2026-03-31T00:08:18.891110,0.093255,0.000035,0.000000,0.158951
2026-03-31T00:08:18.891229,0.094072,0.000111,0.000000,0.166225
2026-03-31T00:08:18.893914,0.093665,0.000184,0.000000,0.192742
2026-03-31T00:08:18.896603,0.089937,-0.000008,0.000000,0.168649
2026-03-31T00:08:18.899401,0.103310,0.000140,0.000000,0.167272
2026-03-31T00:08:18.899517,0.095795,0.003932,0.000000,0.168414
2026-03-31T00:08:18.902213,0.097023,-0.000125,0.000000,0.162142
2026-03-31T00:08:18.904879,0.092070,-0.000035,0.000000,0.168671
2026-03-31T00:08:18.907683,0.089433,-0.000177,0.000000,0.177810
2026-03-31T00:08:18.910359,0.092601,-0.000211,0.000000,0.170101
2026-03-31T00:08:18.910484,0.093486,0.000050,0.000000,0.171617
2026-03-31T00:08:18.913148,0.087921,-0.000095,0.000000,0.172447
2026-03-31T00:08:18.919511,0.084871,0.000168,0.000000,0.171176
2026-03-31T00:08:18.919651,0.088437,0.000128,0.000000,0.152860
2026-03-31T00:08:18.921324,0.088038,0.000245,0.000000,0.167302
2026-03-31T00:08:18.921512,0.091157,0.000139,0.000000,0.169198
2026-03-31T00:08:18.924224,0.094793,0.000890,0.000000,0.167789
2026-03-31T00:08:18.926895,0.098429,-0.000037,0.000000,0.161770
2026-03-31T00:08:18.929734,0.092795,0.001122,0.000000,0.166286
2026-03-31T00:08:18.929840,0.099783,-0.000027,0.000000,0.168546
2026-03-31T00:08:18.932569,0.089624,0.000075,0.000000,0.164176
2026-03-31T00:08:18.935232,0.094692,-0.000080,0.000000,0.158661
2026-03-31T00:08:18.937952,0.093080,0.000088,0.000000,0.156680
2026-03-31T00:08:18.940641,0.088104,0.000019,0.000000,0.159736
2026-03-31T00:08:18.940755,0.101157,-0.000055,0.000000,0.160012
2026-03-31T00:08:18.943537,0.091700,-0.000183,0.000000,0.155513
2026-03-31T00:08:18.946243,0.097780,0.000157,0.000000,0.152567
2026-03-31T00:08:18.949110,0.097668,0.000010,0.000000,0.141856
2026-03-31T00:08:18.949234,0.102036,-0.000035,0.000000,0.154584
2026-03-31T00:08:18.951845,0.103623,0.000037,0.000000,0.156532
2026-03-31T00:08:18.954540,0.104449,-0.000018,0.000000,0.167347
2026-03-31T00:08:18.957475,0.100468,0.000116,0.000000,0.155578
2026-03-31T00:08:18.960035,0.101307,0.000091,0.000000,0.160343
2026-03-31T00:08:18.960147,0.106252,-0.000066,0.000000,0.162394
2026-03-31T00:08:18.962766,0.105160,-0.000024,0.000000,0.159775
2026-03-31T00:08:18.969086,0.104139,-0.000116,0.000000,0.163910
2026-03-31T00:08:18.969234,0.103372,-0.000087,0.000000,0.159938
2026-03-31T00:08:18.969784,0.102695,-0.000185,0.000000,0.156148
2026-03-31T00:08:18.971118,0.100790,-0.000181,0.000000,0.165861
2026-03-31T00:08:18.973935,0.102929,0.000308,0.000000,0.164912
2026-03-31T00:08:18.976624,0.103374,-0.000206,0.000000,0.171404
2026-03-31T00:08:18.979379,0.105620,0.000024,0.000000,0.167864
2026-03-31T00:08:18.979485,0.104526,0.000011,0.000000,0.166686
2026-03-31T00:08:18.982335,0.107210,0.003920,0.000000,0.164192
2026-03-31T00:08:18.984909,0.105805,-0.000181,0.000000,0.166155
2026-03-31T00:08:18.987678,0.107909,-0.000178,0.000000,0.164159
2026-03-31T00:08:18.990444,0.104614,-0.000073,0.000000,0.160839
2026-03-31T00:08:18.990564,0.116615,-0.000030,0.000000,0.155331
2026-03-31T00:08:18.993182,0.113175,0.000188,0.000000,0.157940
2026-03-31T00:08:18.995929,0.114734,0.000088,0.000000,0.155320
2026-03-31T00:08:18.998722,0.117278,-0.000011,0.000000,0.143580
2026-03-31T00:08:18.998830,0.115246,0.000092,0.000000,0.143059
2026-03-31T00:08:19.001535,0.117883,-0.000227,0.000000,0.153756
2026-03-31T00:08:19.004278,0.108557,0.000177,0.000000,0.152296
2026-03-31T00:08:19.007083,0.116688,-0.000046,0.000000,0.149817
2026-03-31T00:08:19.009759,0.122437,-0.000174,0.000000,0.151772
2026-03-31T00:08:19.009886,0.122858,-0.000146,0.000000,0.146797
2026-03-31T00:08:19.012566,0.120943,0.000091,0.000000,0.144287
2026-03-31T00:08:19.015348,0.116820,-0.000160,0.000000,0.142069
2026-03-31T00:08:19.019430,0.108916,0.000009,0.000000,0.149328
2026-03-31T00:08:19.020525,0.126150,0.000195,0.000000,0.145655
2026-03-31T00:08:19.021034,0.128365,-0.000095,0.000000,0.147611
2026-03-31T00:08:19.023595,0.127409,0.000057,0.000000,0.148372
2026-03-31T00:08:19.026362,0.135105,-0.000123,0.000000,0.155734
2026-03-31T00:08:19.029074,0.142643,0.000079,0.000000,0.151493
2026-03-31T00:08:19.029179,0.135210,0.000076,0.000000,0.151407
2026-03-31T00:08:19.031963,0.132766,0.000084,0.000000,0.151916
2026-03-31T00:08:19.034662,0.135105,-0.000233,0.000000,0.153772
2026-03-31T00:08:19.037440,0.137171,-0.000009,0.000000,0.152256
2026-03-31T00:08:19.037548,0.123449,0.000039,0.000000,0.151873
2026-03-31T00:08:19.040178,0.134957,0.000127,0.000000,0.151801
2026-03-31T00:08:19.042910,0.136645,0.000012,0.000000,0.155893
2026-03-31T00:08:19.045595,0.138550,-0.000133,0.000000,0.154280
2026-03-31T00:08:19.048400,0.141474,-0.000022,0.000000,0.153410
2026-03-31T00:08:19.048510,0.141114,0.000097,0.000000,0.152843
2026-03-31T00:08:19.051186,0.142748,-0.000070,0.000000,0.146964
2026-03-31T00:08:19.053979,0.142101,0.000027,0.000000,0.150119
2026-03-31T00:08:19.056682,0.142536,-0.000026,0.000000,0.151178
2026-03-31T00:08:19.059351,0.146745,0.000290,0.000000,0.142749
2026-03-31T00:08:19.059485,0.148295,0.000000,0.000000,0.143638
2026-03-31T00:08:19.062218,0.146612,-0.000061,0.000000,0.142441
2026-03-31T00:08:19.065014,0.144798,0.000205,0.000000,0.142793
2026-03-31T00:08:19.070250,0.149506,-0.000114,0.000000,0.143431
2026-03-31T00:08:19.070691,0.157007,-0.000038,0.000000,0.141003
2026-03-31T00:08:19.070902,0.149971,-0.000108,0.000000,0.142147
2026-03-31T00:08:19.073255,0.147013,-0.000158,0.000000,0.147853
2026-03-31T00:08:19.075967,0.159759,0.000197,0.000000,0.141855
2026-03-31T00:08:19.078682,0.159703,0.000006,0.000000,0.136972
2026-03-31T00:08:19.078810,0.164565,0.000144,0.000000,0.146166
2026-03-31T00:08:19.081523,0.157323,0.000967,0.000000,0.137300
2026-03-31T00:08:19.084381,0.161660,0.000149,0.000000,0.135329
2026-03-31T00:08:19.087038,0.163482,0.001163,0.000000,0.136627
2026-03-31T00:08:19.087150,0.163017,0.002169,0.000000,0.138993
2026-03-31T00:08:19.089869,0.159206,0.000927,0.000000,0.138466
2026-03-31T00:08:19.092535,0.167038,0.000068,0.000000,0.146765
2026-03-31T00:08:19.095315,0.188083,-0.000031,0.000000,0.151088
2026-03-31T00:08:19.098018,0.166752,0.005130,0.000000,0.148043
2026-03-31T00:08:19.098128,0.171057,0.000126,0.000000,0.154983
2026-03-31T00:08:19.100790,0.172550,0.000022,0.000000,0.152807
2026-03-31T00:08:19.103612,0.169747,0.000033,0.000000,0.151476
2026-03-31T00:08:19.106318,0.170866,-0.000086,0.000000,0.162258
2026-03-31T00:08:19.106432,0.168292,-0.000056,0.000000,0.156017
2026-03-31T00:08:19.109214,0.178998,-0.000005,0.000000,0.142036
2026-03-31T00:08:19.111863,0.181024,-0.000035,0.000000,0.142850
2026-03-31T00:08:19.114661,0.188205,-0.000172,0.000000,0.145138
2026-03-31T00:08:19.118729,0.183446,0.001079,0.000000,0.142077
2026-03-31T00:08:19.118904,0.183246,0.007978,0.000000,0.159480
2026-03-31T00:08:19.120319,0.189840,0.003845,0.000000,0.151627
2026-03-31T00:08:19.122828,0.189939,0.001857,0.000000,0.149844
2026-03-31T00:08:19.125603,0.191723,0.006057,0.000000,0.142247
2026-03-31T00:08:19.128497,0.191353,0.000025,0.000000,0.142248
2026-03-31T00:08:19.128600,0.190872,0.002104,0.000000,0.145389
2026-03-31T00:08:19.131155,0.187688,0.005278,0.000000,0.140101
2026-03-31T00:08:19.133972,0.193925,0.003946,0.000000,0.135420
2026-03-31T00:08:19.136720,0.192807,0.001945,0.000000,0.141602
2026-03-31T00:08:19.136830,0.187260,0.000121,0.000000,0.135303
2026-03-31T00:08:19.139467,0.181936,-0.000183,0.000000,0.132600
2026-03-31T00:08:19.142354,0.196848,0.000041,0.000000,0.129381
2026-03-31T00:08:19.144966,0.201373,0.000105,0.000000,0.137568
2026-03-31T00:08:19.147733,0.193540,-0.000014,0.000000,0.138051
2026-03-31T00:08:19.147851,0.202380,0.000153,0.000000,0.135645
2026-03-31T00:08:19.150567,0.196665,0.003935,0.000000,0.138225
2026-03-31T00:08:19.153300,0.195014,0.002143,0.000000,0.134946
2026-03-31T00:08:19.155965,0.195229,0.004001,0.000000,0.142217
2026-03-31T00:08:19.156094,0.201171,0.003983,0.000000,0.135995
2026-03-31T00:08:19.158779,0.204196,-0.000044,0.000000,0.141132
2026-03-31T00:08:19.161616,0.203503,0.000125,0.000000,0.143451
2026-03-31T00:08:19.164412,0.206389,-0.000029,0.000000,0.142687
2026-03-31T00:08:19.168920,0.205834,0.000165,0.000000,0.142434
2026-03-31T00:08:19.169112,0.207820,-0.000112,0.000000,0.119967
2026-03-31T00:08:19.169948,0.209779,0.002058,0.000000,0.126331
2026-03-31T00:08:19.172559,0.208328,0.006088,0.000000,0.142269
2026-03-31T00:08:19.175346,0.213691,0.007046,0.000000,0.141210
2026-03-31T00:08:19.175459,0.209283,0.000192,0.000000,0.148752
2026-03-31T00:08:19.178202,0.206174,0.003920,0.000000,0.142627
2026-03-31T00:08:19.180962,0.203004,0.000072,0.000000,0.146830
2026-03-31T00:08:19.183787,0.204134,0.001025,0.000000,0.145033
2026-03-31T00:08:19.186362,0.210500,0.006106,0.000000,0.140916
2026-03-31T00:08:19.186476,0.213191,0.006889,0.000000,0.141439
2026-03-31T00:08:19.189276,0.209684,0.005171,0.000000,0.142694
2026-03-31T00:08:19.191977,0.210345,0.001009,0.000000,0.140883
2026-03-31T00:08:19.194715,0.212720,0.001905,0.000000,0.141267
2026-03-31T00:08:19.197397,0.214032,0.005940,0.000000,0.141624
2026-03-31T00:08:19.197540,0.217326,0.003070,0.000000,0.140630
2026-03-31T00:08:19.200199,0.211360,0.003174,0.000000,0.134008
2026-03-31T00:08:19.203007,0.217636,0.001946,0.000000,0.149390
2026-03-31T00:08:19.205816,0.217619,0.002016,0.000000,0.140334
2026-03-31T00:08:19.205944,0.214945,0.004978,0.000000,0.142501
2026-03-31T00:08:19.208635,0.213799,0.000045,0.000000,0.139570
2026-03-31T00:08:19.211313,0.215600,0.010983,0.000000,0.142827
2026-03-31T00:08:19.214068,0.197116,0.005859,0.000000,0.137317
2026-03-31T00:08:19.219490,0.220914,0.007051,0.000000,0.138451
2026-03-31T00:08:19.219681,0.218073,0.003899,0.000000,0.139857
2026-03-31T00:08:19.219851,0.211793,0.002892,0.000000,0.136481
2026-03-31T00:08:19.222254,0.208962,0.005185,0.000000,0.133989
2026-03-31T00:08:19.225005,0.212367,0.004710,0.000000,0.140018
2026-03-31T00:08:19.225116,0.208198,0.004164,0.000000,0.151758
2026-03-31T00:08:19.228011,0.208576,0.001880,0.000000,0.151101
2026-03-31T00:08:19.230523,0.210972,0.001263,0.000000,0.152199
2026-03-31T00:08:19.233455,0.208437,0.000948,0.000000,0.136804
2026-03-31T00:08:19.235983,0.214715,0.004848,0.000000,0.144096
2026-03-31T00:08:19.236098,0.219044,0.009035,0.000000,0.145709
2026-03-31T00:08:19.238861,0.216050,0.006025,0.000000,0.144239
2026-03-31T00:08:19.241599,0.206055,0.000171,0.000000,0.146781
2026-03-31T00:08:19.244515,0.207530,0.002006,0.000000,0.156156
2026-03-31T00:08:19.244675,0.211232,0.002270,0.000000,0.152516
2026-03-31T00:08:19.247058,0.207160,-0.000025,0.000000,0.157137
2026-03-31T00:08:19.249902,0.214372,0.002876,0.000000,0.155657
2026-03-31T00:08:19.252662,0.213271,0.000946,0.000000,0.153667
2026-03-31T00:08:19.255362,0.216396,0.001065,0.000000,0.152465
2026-03-31T00:08:19.255455,0.212855,0.000126,0.000000,0.154496
2026-03-31T00:08:19.258166,0.210200,0.001861,0.000000,0.150544
2026-03-31T00:08:19.260860,0.208758,0.003104,0.000000,0.156305
2026-03-31T00:08:19.263560,0.211843,0.005961,0.000000,0.155345
2026-03-31T00:08:19.269081,0.209738,0.009161,0.000000,0.156373
2026-03-31T00:08:19.269230,0.215435,0.004114,0.000000,0.144666
2026-03-31T00:08:19.269335,0.213414,0.000100,0.000000,0.154263
2026-03-31T00:08:19.271925,0.206283,0.002678,0.000000,0.152455
2026-03-31T00:08:19.274721,0.211020,0.000857,0.000000,0.155212
2026-03-31T00:08:19.274837,0.210422,-0.000108,0.000000,0.160478
2026-03-31T00:08:19.277504,0.207440,0.005948,0.000000,0.157679
2026-03-31T00:08:19.280126,0.209505,-0.000023,0.000000,0.154996
2026-03-31T00:08:19.282913,0.209034,0.001892,0.000000,0.156349
2026-03-31T00:08:19.285659,0.207768,0.003893,0.000000,0.158174
2026-03-31T00:08:19.285800,0.212922,0.003034,0.000000,0.152797
2026-03-31T00:08:19.288539,0.203868,0.001245,0.000000,0.162769
2026-03-31T00:08:19.291322,0.202452,0.000856,0.000000,0.152322
2026-03-31T00:08:19.294001,0.207054,0.006854,0.000000,0.163726
2026-03-31T00:08:19.294080,0.205419,0.007742,0.000000,0.162488
2026-03-31T00:08:19.296732,0.199963,0.005976,0.000000,0.163053
2026-03-31T00:08:19.299613,0.206111,0.006926,0.000000,0.162323
2026-03-31T00:08:19.302337,0.206326,0.009943,0.000000,0.167538
2026-03-31T00:08:19.304996,0.208944,0.007913,0.000000,0.162839
2026-03-31T00:08:19.305082,0.213085,0.003851,0.000000,0.164112
2026-03-31T00:08:19.307821,0.208344,0.005982,0.000000,0.166857
2026-03-31T00:08:19.310574,0.206282,0.002019,0.000000,0.179073
2026-03-31T00:08:19.313321,0.200210,0.007856,0.000000,0.175230
2026-03-31T00:08:19.313401,0.203528,0.012978,0.000000,0.175294
2026-03-31T00:08:19.317985,0.199241,0.001211,0.000000,0.179860
2026-03-31T00:08:19.319063,0.197079,0.000919,0.000000,0.176439
2026-03-31T00:08:19.321533,0.196237,0.003033,0.000000,0.175579
2026-03-31T00:08:19.324271,0.197173,0.003711,0.000000,0.179901
2026-03-31T00:08:19.324348,0.194490,0.005832,0.000000,0.180761
2026-03-31T00:08:19.327213,0.195671,0.005902,0.000000,0.183604
2026-03-31T00:08:19.329938,0.192880,0.005069,0.000000,0.182261
2026-03-31T00:08:19.332773,0.190455,0.004035,0.000000,0.184303
2026-03-31T00:08:19.335361,0.190195,0.005846,0.000000,0.178611
2026-03-31T00:08:19.335458,0.194188,0.007110,0.000000,0.194776
2026-03-31T00:08:19.338119,0.191850,0.008001,0.000000,0.186406
2026-03-31T00:08:19.340860,0.198425,0.009090,0.000000,0.185004
2026-03-31T00:08:19.343723,0.189526,-0.000139,0.000000,0.185976
2026-03-31T00:08:19.343813,0.182290,0.001906,0.000000,0.184727
2026-03-31T00:08:19.346582,0.182753,-0.000056,0.000000,0.190307
2026-03-31T00:08:19.349313,0.179755,0.000227,0.000000,0.188692
2026-03-31T00:08:19.351966,0.176195,0.000035,0.000000,0.189614
2026-03-31T00:08:19.354674,0.178521,0.000271,0.000000,0.188624
2026-03-31T00:08:19.354775,0.177554,0.000041,0.000000,0.187813
2026-03-31T00:08:19.357586,0.177093,0.000883,0.000000,0.190746
2026-03-31T00:08:19.360228,0.168803,0.000054,0.000000,0.197006
2026-03-31T00:08:19.362937,0.141864,0.000038,0.000000,0.201619
2026-03-31T00:08:19.363035,0.166686,-0.000167,0.000000,0.192199
2026-03-31T00:08:19.368909,0.168320,0.000059,0.000000,0.192994
2026-03-31T00:08:19.369071,0.168508,0.000054,0.000000,0.193130
2026-03-31T00:08:19.371288,0.168725,0.000039,0.000000,0.192026
2026-03-31T00:08:19.374025,0.176156,-0.000074,0.000000,0.192393
2026-03-31T00:08:19.374120,0.171980,-0.000136,0.000000,0.192961
2026-03-31T00:08:19.376795,0.158730,-0.000327,0.000000,0.208136
2026-03-31T00:08:19.379563,0.155615,-0.000127,0.000000,0.206911
2026-03-31T00:08:19.382533,0.156098,-0.000087,0.000000,0.233676
2026-03-31T00:08:19.382622,0.159930,0.009171,0.000000,0.206364
2026-03-31T00:08:19.385084,0.152464,0.000057,0.000000,0.205215
2026-03-31T00:08:19.387833,0.153078,0.000173,0.000000,0.206934
2026-03-31T00:08:19.390732,0.155906,0.000130,0.000000,0.207449
2026-03-31T00:08:19.393379,0.155470,-0.000044,0.000000,0.218006
2026-03-31T00:08:19.393478,0.148586,0.000016,0.000000,0.196050
2026-03-31T00:08:19.396190,0.147621,0.000108,0.000000,0.206236
2026-03-31T00:08:19.398882,0.150962,-0.000080,0.000000,0.205205
2026-03-31T00:08:19.401604,0.148409,-0.000050,0.000000,0.220942
2026-03-31T00:08:19.404311,0.144545,-0.000046,0.000000,0.205842
2026-03-31T00:08:19.404415,0.141549,-0.000030,0.000000,0.209162
2026-03-31T00:08:19.407280,0.140867,0.000201,0.000000,0.208478
2026-03-31T00:08:19.409977,0.138755,0.000162,0.000000,0.202932
2026-03-31T00:08:19.412675,0.119200,0.000047,0.000000,0.203547
2026-03-31T00:08:19.412774,0.123261,0.000182,0.000000,0.205681
2026-03-31T00:08:19.415623,0.126656,-0.000036,0.000000,0.201833
2026-03-31T00:08:19.419261,0.121174,0.000068,0.000000,0.199183
2026-03-31T00:08:19.420912,0.115856,0.000073,0.000000,0.204228
2026-03-31T00:08:19.423631,0.116442,0.000161,0.000000,0.202841
2026-03-31T00:08:19.423733,0.118834,-0.000030,0.000000,0.204815
2026-03-31T00:08:19.426461,0.120573,0.000211,0.000000,0.206502
2026-03-31T00:08:19.429281,0.111776,-0.000186,0.000000,0.205199
2026-03-31T00:08:19.432092,0.105015,0.000127,0.000000,0.207091
2026-03-31T00:08:19.432185,0.104515,-0.000052,0.000000,0.201442
2026-03-31T00:08:19.434803,0.104848,0.000045,0.000000,0.208825
2026-03-31T00:08:19.437503,0.110658,-0.000070,0.000000,0.207460
2026-03-31T00:08:19.440322,0.100859,-0.000197,0.000000,0.192126
2026-03-31T00:08:19.442977,0.109277,0.000019,0.000000,0.198896
2026-03-31T00:08:19.443081,0.104842,-0.000119,0.000000,0.204638
2026-03-31T00:08:19.445797,0.100032,0.000164,0.000000,0.195538
2026-03-31T00:08:19.448654,0.128024,-0.000003,0.000000,0.202556
2026-03-31T00:08:19.451323,0.106808,0.000070,0.000000,0.193805
2026-03-31T00:08:19.451419,0.102509,-0.000141,0.000000,0.203375
2026-03-31T00:08:19.454172,0.096056,0.000123,0.000000,0.206209
2026-03-31T00:08:19.457034,0.094562,0.000096,0.000000,0.204027
2026-03-31T00:08:19.459541,0.115122,-0.000029,0.000000,0.201236
2026-03-31T00:08:19.462266,0.092764,-0.000030,0.000000,0.206442
2026-03-31T00:08:19.462372,0.088522,-0.000226,0.000000,0.202392
2026-03-31T00:08:19.465282,0.104853,0.000164,0.000000,0.201513
2026-03-31T00:08:19.468328,0.091951,-0.000265,0.000000,0.205285
2026-03-31T00:08:19.470601,0.091370,-0.000088,0.000000,0.201844
2026-03-31T00:08:19.473382,0.089411,-0.000109,0.000000,0.200157
2026-03-31T00:08:19.473488,0.090884,0.000102,0.000000,0.205097
2026-03-31T00:08:19.476115,0.089497,-0.000042,0.000000,0.194854
2026-03-31T00:08:19.479152,0.082145,-0.000108,0.000000,0.197396
2026-03-31T00:08:19.481789,0.086830,-0.000197,0.000000,0.204799
2026-03-31T00:08:19.481892,0.084622,-0.000079,0.000000,0.199047
2026-03-31T00:08:19.484428,0.089147,-0.000048,0.000000,0.199205
2026-03-31T00:08:19.487303,0.086383,-0.000106,0.000000,0.197002
2026-03-31T00:08:19.490061,0.081122,0.000174,0.000000,0.200588
2026-03-31T00:08:19.492635,0.080562,-0.000139,0.000000,0.197755
2026-03-31T00:08:19.492754,0.079921,0.000038,0.000000,0.197914
2026-03-31T00:08:19.495635,0.065809,-0.000155,0.000000,0.175380
2026-03-31T00:08:19.498405,0.064294,-0.000027,0.000000,0.182163
2026-03-31T00:08:19.500958,0.073316,0.000023,0.000000,0.191863
2026-03-31T00:08:19.501065,0.069025,0.000032,0.000000,0.194436
2026-03-31T00:08:19.503921,0.074013,0.000065,0.000000,0.195478
2026-03-31T00:08:19.506743,0.068472,-0.000133,0.000000,0.193397
2026-03-31T00:08:19.509328,0.066890,0.000182,0.000000,0.191237
2026-03-31T00:08:19.512277,0.074439,-0.000069,0.000000,0.186306
2026-03-31T00:08:19.512390,0.074518,-0.000106,0.000000,0.186047
2026-03-31T00:08:19.515069,0.068348,0.000011,0.000000,0.181663
2026-03-31T00:08:19.519082,0.064295,-0.000026,0.000000,0.190901
2026-03-31T00:08:19.520300,0.063512,-0.000032,0.000000,0.194132
2026-03-31T00:08:19.520410,0.063879,0.000120,0.000000,0.197449
2026-03-31T00:08:19.523186,0.067192,0.000173,0.000000,0.196118
2026-03-31T00:08:19.525850,0.058484,0.000003,0.000000,0.197437
2026-03-31T00:08:19.528746,0.062739,-0.000039,0.000000,0.192189
2026-03-31T00:08:19.531580,0.065505,-0.000050,0.000000,0.190377
2026-03-31T00:08:19.531691,0.063833,-0.000132,0.000000,0.190043
2026-03-31T00:08:19.534253,0.061564,-0.000102,0.000000,0.192939
2026-03-31T00:08:19.537090,0.056125,0.000005,0.000000,0.189941
2026-03-31T00:08:19.539840,0.060546,-0.000091,0.000000,0.188307
2026-03-31T00:08:19.542453,0.057475,-0.000251,0.000000,0.189439
2026-03-31T00:08:19.542581,0.062724,-0.000047,0.000000,0.188553
2026-03-31T00:08:19.545346,0.055111,0.000189,0.000000,0.180120
2026-03-31T00:08:19.548135,0.052676,0.000077,0.000000,0.180936
2026-03-31T00:08:19.550854,0.052716,-0.000003,0.000000,0.180735
2026-03-31T00:08:19.550973,0.052392,0.000283,0.000000,0.182743
2026-03-31T00:08:19.553719,0.051875,-0.000025,0.000000,0.180540
2026-03-31T00:08:19.556462,0.059617,0.000004,0.000000,0.181680
2026-03-31T00:08:19.559146,0.051674,0.000181,0.000000,0.178650
2026-03-31T00:08:19.561886,0.055789,-0.000087,0.000000,0.177139
2026-03-31T00:08:19.562019,0.052338,0.000037,0.000000,0.171503
2026-03-31T00:08:19.564775,0.056009,0.000032,0.000000,0.174966
2026-03-31T00:08:19.569897,0.051499,0.000146,0.000000,0.172247
2026-03-31T00:08:19.570130,0.053750,0.000174,0.000000,0.167330
2026-03-31T00:08:19.570394,0.052784,0.000113,0.000000,0.165385
2026-03-31T00:08:19.572879,0.052193,0.000052,0.000000,0.172820
2026-03-31T00:08:19.575560,0.055976,0.000003,0.000000,0.172160
2026-03-31T00:08:19.578704,0.051389,0.000228,0.000000,0.167262
2026-03-31T00:08:19.581135,0.053390,-0.000023,0.000000,0.169309
2026-03-31T00:08:19.581251,0.052750,-0.000042,0.000000,0.163069
2026-03-31T00:08:19.583997,0.050130,0.000041,0.000000,0.167500
2026-03-31T00:08:19.586808,0.052514,0.000251,0.000000,0.168694
2026-03-31T00:08:19.589544,0.053504,-0.000115,0.000000,0.173364
2026-03-31T00:08:19.589656,0.050326,0.000125,0.000000,0.176635
2026-03-31T00:08:19.592331,0.052945,-0.000075,0.000000,0.167845
2026-03-31T00:08:19.595107,0.050095,0.000075,0.000000,0.169124
2026-03-31T00:08:19.597815,0.046681,0.000082,0.000000,0.168378
2026-03-31T00:08:19.600542,0.050801,-0.000094,0.000000,0.159529
2026-03-31T00:08:19.600668,0.052660,-0.000089,0.000000,0.168283
2026-03-31T00:08:19.603440,0.047635,-0.000027,0.000000,0.169406
2026-03-31T00:08:19.606112,0.049153,-0.000134,0.000000,0.167233
2026-03-31T00:08:19.608860,0.051090,0.000039,0.000000,0.168184
2026-03-31T00:08:19.611632,0.051419,0.000105,0.000000,0.157250
2026-03-31T00:08:19.611765,0.049543,0.000014,0.000000,0.167430
2026-03-31T00:08:19.614426,0.052988,0.000113,0.000000,0.166196
2026-03-31T00:08:19.619805,0.046639,-0.000183,0.000000,0.167479
2026-03-31T00:08:19.619992,0.053937,-0.000065,0.000000,0.168512
2026-03-31T00:08:19.620165,0.054970,0.000035,0.000000,0.167985
2026-03-31T00:08:19.622495,0.052751,-0.000196,0.000000,0.167407
2026-03-31T00:08:19.625268,0.052057,-0.000110,0.000000,0.167532
2026-03-31T00:08:19.628657,0.052445,-0.000146,0.000000,0.165156
2026-03-31T00:08:19.630788,0.055642,-0.000009,0.000000,0.159802
2026-03-31T00:08:19.630942,0.057825,0.005012,0.000000,0.160249
2026-03-31T00:08:19.633702,0.051877,0.000139,0.000000,0.155294
2026-03-31T00:08:19.636428,0.053698,-0.000063,0.000000,0.176642
2026-03-31T00:08:19.639086,0.052911,-0.000139,0.000000,0.163372
2026-03-31T00:08:19.639194,0.052666,0.000132,0.000000,0.162311
2026-03-31T00:08:19.641979,0.053832,-0.000122,0.000000,0.155670
2026-03-31T00:08:19.644790,0.055363,-0.000022,0.000000,0.159037
2026-03-31T00:08:19.647282,0.048999,0.000128,0.000000,0.160759
2026-03-31T00:08:19.650278,0.056466,0.000152,0.000000,0.167605
2026-03-31T00:08:19.650414,0.060675,0.000100,0.000000,0.166919
2026-03-31T00:08:19.652846,0.059653,0.000104,0.000000,0.168049
2026-03-31T00:08:19.655537,0.051056,-0.000075,0.000000,0.172561
2026-03-31T00:08:19.658456,0.060374,0.000237,0.000000,0.172030
2026-03-31T00:08:19.658584,0.055612,0.000162,0.000000,0.179239
2026-03-31T00:08:19.661302,0.058175,-0.000228,0.000000,0.176681
2026-03-31T00:08:19.663965,0.052026,0.000213,0.000000,0.175485
2026-03-31T00:08:19.669485,0.054921,-0.000167,0.000000,0.172209
2026-03-31T00:08:19.669705,0.053448,-0.000114,0.000000,0.168491
2026-03-31T00:08:19.669916,0.052905,-0.000007,0.000000,0.173144
2026-03-31T00:08:19.672170,0.054890,0.000065,0.000000,0.172039
2026-03-31T00:08:19.674802,0.053250,0.000169,0.000000,0.174922
2026-03-31T00:08:19.677894,0.059844,0.000170,0.000000,0.175316
2026-03-31T00:08:19.680340,0.051701,-0.000140,0.000000,0.176603
2026-03-31T00:08:19.680457,0.049603,0.000094,0.000000,0.173599
2026-03-31T00:08:19.683244,0.052121,0.000157,0.000000,0.178854
2026-03-31T00:08:19.685973,0.051188,-0.000081,0.000000,0.173261
2026-03-31T00:08:19.688589,0.052451,-0.000119,0.000000,0.173281
2026-03-31T00:08:19.688705,0.050418,-0.000029,0.000000,0.171716
2026-03-31T00:08:19.691564,0.050278,-0.000089,0.000000,0.173033
2026-03-31T00:08:19.694208,0.052230,-0.000066,0.000000,0.172707
2026-03-31T00:08:19.696923,0.045665,-0.000226,0.000000,0.164809
2026-03-31T00:08:19.699689,0.050928,0.000138,0.000000,0.167297
2026-03-31T00:08:19.699817,0.053595,0.000096,0.000000,0.173324
2026-03-31T00:08:19.702540,0.055610,0.000005,0.000000,0.167052
2026-03-31T00:08:19.705219,0.047116,-0.000092,0.000000,0.168678
2026-03-31T00:08:19.708079,0.052304,0.000178,0.000000,0.165323
2026-03-31T00:08:19.708207,0.052694,-0.000079,0.000000,0.164566
2026-03-31T00:08:19.710760,0.045070,-0.000035,0.000000,0.162470
2026-03-31T00:08:19.713503,0.051030,0.000076,0.000000,0.168218
2026-03-31T00:08:19.719904,0.051958,0.000179,0.000000,0.159389
2026-03-31T00:08:19.720239,0.050963,-0.000084,0.000000,0.167244
2026-03-31T00:08:19.720758,0.051767,-0.000172,0.000000,0.167608
2026-03-31T00:08:19.721881,0.054222,-0.000083,0.000000,0.160820
2026-03-31T00:08:19.724511,0.057186,0.000076,0.000000,0.168242
2026-03-31T00:08:19.727311,0.056352,0.000085,0.000000,0.168303
2026-03-31T00:08:19.727421,0.051581,0.000118,0.000000,0.163503
2026-03-31T00:08:19.730075,0.046615,0.000059,0.000000,0.164556
2026-03-31T00:08:19.732923,0.051863,-0.000006,0.000000,0.167681
2026-03-31T00:08:19.735656,0.050629,0.000087,0.000000,0.167522
2026-03-31T00:08:19.738358,0.038046,-0.000127,0.000000,0.167243
2026-03-31T00:08:19.738469,0.044218,-0.000000,0.000000,0.155128
2026-03-31T00:08:19.741185,0.049021,0.000257,0.000000,0.165721
2026-03-31T00:08:19.743884,0.047062,-0.000031,0.000000,0.163275
2026-03-31T00:08:19.746617,0.047053,0.000104,0.000000,0.159301
2026-03-31T00:08:19.749369,0.043472,-0.000153,0.000000,0.132787
2026-03-31T00:08:19.749481,0.049519,0.000021,0.000000,0.159530
2026-03-31T00:08:19.752269,0.045510,-0.000231,0.000000,0.162254
2026-03-31T00:08:19.754950,0.048894,0.000065,0.000000,0.164764
2026-03-31T00:08:19.757714,0.049278,-0.000159,0.000000,0.158893
2026-03-31T00:08:19.757838,0.050656,0.000107,0.000000,0.156819
2026-03-31T00:08:19.760482,0.049874,-0.000090,0.000000,0.158668
2026-03-31T00:08:19.763188,0.051301,-0.000055,0.000000,0.150453
2026-03-31T00:08:19.767633,0.061724,0.000121,0.000000,0.151800
2026-03-31T00:08:19.770008,0.049422,0.000042,0.000000,0.149546
2026-03-31T00:08:19.770236,0.048177,0.000095,0.000000,0.144181
2026-03-31T00:08:19.771487,0.056112,0.000134,0.000000,0.151326
2026-03-31T00:08:19.774185,0.052098,0.000088,0.000000,0.151630
2026-03-31T00:08:19.777037,0.055196,-0.000089,0.000000,0.158187
2026-03-31T00:08:19.777147,0.053592,-0.000101,0.000000,0.148351
2026-03-31T00:08:19.779770,0.044607,-0.000187,0.000000,0.146292
2026-03-31T00:08:19.782595,0.051952,0.000002,0.000000,0.146890
2026-03-31T00:08:19.785283,0.048690,0.000109,0.000000,0.146580
2026-03-31T00:08:19.788055,0.044765,-0.000105,0.000000,0.151318
2026-03-31T00:08:19.788173,0.052035,-0.000030,0.000000,0.145479
2026-03-31T00:08:19.790979,0.046447,-0.000123,0.000000,0.146824
2026-03-31T00:08:19.793573,0.048413,-0.000014,0.000000,0.146939
2026-03-31T00:08:19.796313,0.047801,0.000035,0.000000,0.152311
2026-03-31T00:08:19.796424,0.043964,-0.000026,0.000000,0.153650
2026-03-31T00:08:19.799246,0.050817,0.000224,0.000000,0.156122
2026-03-31T00:08:19.801807,0.046330,-0.000269,0.000000,0.156653
2026-03-31T00:08:19.804643,0.047617,-0.000246,0.000000,0.153305
2026-03-31T00:08:19.807338,0.046038,0.000158,0.000000,0.156059
2026-03-31T00:08:19.807474,0.049542,-0.000175,0.000000,0.148917
2026-03-31T00:08:19.810164,0.043449,-0.000220,0.000000,0.143251
2026-03-31T00:08:19.812848,0.042715,-0.000019,0.000000,0.150463
2026-03-31T00:08:19.819840,0.037033,-0.000120,0.000000,0.141611
2026-03-31T00:08:19.820173,0.034557,0.000172,0.000000,0.146331
2026-03-31T00:08:19.820355,0.040265,-0.000112,0.000000,0.144580
2026-03-31T00:08:19.821167,0.043724,0.000061,0.000000,0.144997
2026-03-31T00:08:19.823944,0.038779,-0.000034,0.000000,0.142218
2026-03-31T00:08:19.826573,0.038937,-0.000053,0.000000,0.149969
2026-03-31T00:08:19.826686,0.038069,-0.000127,0.000000,0.147393
2026-03-31T00:08:19.829502,0.039133,0.000169,0.000000,0.137465
2026-03-31T00:08:19.832312,0.049683,-0.000047,0.000000,0.138108
2026-03-31T00:08:19.834989,0.033605,0.000041,0.000000,0.133918
2026-03-31T00:08:19.837666,0.040579,0.000033,0.000000,0.133328
2026-03-31T00:08:19.837786,0.037987,-0.000160,0.000000,0.126042
2026-03-31T00:08:19.840680,0.038792,-0.000043,0.000000,0.130836
2026-03-31T00:08:19.843163,0.036869,-0.000080,0.000000,0.136515
2026-03-31T00:08:19.845951,0.039304,0.000220,0.000000,0.139099
2026-03-31T00:08:19.846058,0.037101,-0.000095,0.000000,0.131353
2026-03-31T00:08:19.848846,0.047884,-0.000040,0.000000,0.119621
2026-03-31T00:08:19.851547,0.037580,-0.000163,0.000000,0.144171
2026-03-31T00:08:19.854289,0.036382,-0.000010,0.000000,0.132344
2026-03-31T00:08:19.857072,0.035578,-0.000004,0.000000,0.133302
2026-03-31T00:08:19.857202,0.036876,0.000028,0.000000,0.133853
2026-03-31T00:08:19.859833,0.029391,-0.000020,0.000000,0.129642
2026-03-31T00:08:19.862540,0.039881,-0.000105,0.000000,0.127340
2026-03-31T00:08:19.868030,0.040001,0.000105,0.000000,0.131314
2026-03-31T00:08:19.868985,0.035815,0.000037,0.000000,0.132708
2026-03-31T00:08:19.869152,0.040264,0.000113,0.000000,0.130643
2026-03-31T00:08:19.870818,0.035721,0.000175,0.000000,0.132233
2026-03-31T00:08:19.873578,0.040720,0.000068,0.000000,0.133280
2026-03-31T00:08:19.876253,0.045845,-0.000111,0.000000,0.132871
2026-03-31T00:08:19.876367,0.036415,-0.000129,0.000000,0.131014
2026-03-31T00:08:19.879234,0.036845,0.000108,0.000000,0.138400
2026-03-31T00:08:19.881998,0.040235,0.000201,0.000000,0.141898
2026-03-31T00:08:19.884641,0.039900,0.000163,0.000000,0.140281
2026-03-31T00:08:19.887317,0.032998,0.000131,0.000000,0.143817
2026-03-31T00:08:19.887433,0.038135,0.000072,0.000000,0.141851
2026-03-31T00:08:19.890276,0.051210,-0.000137,0.000000,0.142602
2026-03-31T00:08:19.892955,0.042712,0.000210,0.000000,0.139608
2026-03-31T00:08:19.895700,0.041140,0.000205,0.000000,0.141196
2026-03-31T00:08:19.895812,0.038504,-0.000191,0.000000,0.140473
2026-03-31T00:08:19.898618,0.041541,-0.000040,0.000000,0.134596
2026-03-31T00:08:19.901180,0.043035,-0.000023,0.000000,0.135377
2026-03-31T00:08:19.903936,0.039976,0.000024,0.000000,0.139407
2026-03-31T00:08:19.906719,0.041837,0.000018,0.000000,0.138906
2026-03-31T00:08:19.906848,0.047264,0.000038,0.000000,0.134561
2026-03-31T00:08:19.909509,0.043147,0.000279,0.000000,0.138397
2026-03-31T00:08:19.912256,0.044217,0.000063,0.000000,0.136067
2026-03-31T00:08:19.915073,0.047951,-0.000002,0.000000,0.130192
2026-03-31T00:08:19.915199,0.047993,-0.000011,0.000000,0.123637
2026-03-31T00:08:19.920135,0.050954,0.000002,0.000000,0.132852
2026-03-31T00:08:19.920890,0.044896,-0.000050,0.000000,0.130530
2026-03-31T00:08:19.923243,0.050381,-0.000054,0.000000,0.129057
2026-03-31T00:08:19.926045,0.044149,-0.000043,0.000000,0.141977
2026-03-31T00:08:19.926164,0.047157,0.000024,0.000000,0.131604
2026-03-31T00:08:19.928855,0.042785,0.000093,0.000000,0.127541
2026-03-31T00:08:19.931568,0.052840,0.000103,0.000000,0.134375
2026-03-31T00:08:19.934362,0.052302,-0.000053,0.000000,0.160192
2026-03-31T00:08:19.934478,0.050899,-0.000047,0.000000,0.130394
2026-03-31T00:08:19.937137,0.054057,-0.000002,0.000000,0.138418
2026-03-31T00:08:19.939835,0.051610,-0.000036,0.000000,0.130043
2026-03-31T00:08:19.942727,0.052637,-0.000072,0.000000,0.138028
2026-03-31T00:08:19.945418,0.055564,0.000035,0.000000,0.138231
2026-03-31T00:08:19.945530,0.053267,-0.000107,0.000000,0.136271
2026-03-31T00:08:19.948202,0.049223,0.000025,0.000000,0.144303
2026-03-31T00:08:19.950967,0.054517,-0.000039,0.000000,0.138453
2026-03-31T00:08:19.953652,0.050133,0.000102,0.000000,0.143473
2026-03-31T00:08:19.956384,0.050397,0.000027,0.000000,0.141299
2026-03-31T00:08:19.956516,0.044381,-0.000171,0.000000,0.143382
2026-03-31T00:08:19.959188,0.040817,-0.000116,0.000000,0.141397
2026-03-31T00:08:19.961902,0.049937,0.000235,0.000000,0.138587
2026-03-31T00:08:19.964709,0.048741,-0.000011,0.000000,0.141337
2026-03-31T00:08:19.964832,0.051783,0.000026,0.000000,0.133383
2026-03-31T00:08:19.970122,0.056644,0.000077,0.000000,0.142275
2026-03-31T00:08:19.970307,0.052574,-0.000032,0.000000,0.138479
2026-03-31T00:08:19.972964,0.058908,0.000046,0.000000,0.136503
2026-03-31T00:08:19.975692,0.053642,-0.000106,0.000000,0.139635
2026-03-31T00:08:19.975811,0.053383,0.012694,0.000000,0.135301
2026-03-31T00:08:19.978382,0.054293,-0.000128,0.000000,0.136604
2026-03-31T00:08:19.981224,0.052008,-0.000012,0.000000,0.131870
2026-03-31T00:08:19.984075,0.055178,-0.000008,0.000000,0.110074
2026-03-31T00:08:19.984176,0.051696,-0.000173,0.000000,0.127369
2026-03-31T00:08:19.986840,0.051707,-0.000014,0.000000,0.133110
2026-03-31T00:08:19.989493,0.054495,0.000086,0.000000,0.131770
2026-03-31T00:08:19.992265,0.051826,-0.000120,0.000000,0.129076
2026-03-31T00:08:19.994948,0.050673,0.000050,0.000000,0.129331
2026-03-31T00:08:19.995080,0.050609,-0.000005,0.000000,0.130596
2026-03-31T00:08:19.997747,0.051658,0.000150,0.000000,0.135206
2026-03-31T00:08:20.000692,0.047021,-0.000208,0.000000,0.131221
2026-03-31T00:08:20.003310,0.057521,-0.000018,0.000000,0.131789
2026-03-31T00:08:20.003431,0.051493,0.000146,0.000000,0.131333
2026-03-31T00:08:20.006094,0.053199,-0.000003,0.000000,0.138717
2026-03-31T00:08:20.008796,0.053830,0.010799,0.000000,0.133538
2026-03-31T00:08:20.011566,0.050124,-0.000042,0.000000,0.132220
2026-03-31T00:08:20.014384,0.054465,0.000067,0.000000,0.133920
2026-03-31T00:08:20.014510,0.053160,0.000033,0.000000,0.123525
2026-03-31T00:08:20.019644,0.056871,-0.000002,0.000000,0.129900
2026-03-31T00:08:20.019910,0.046927,0.000032,0.000000,0.123919
2026-03-31T00:08:20.022576,0.054439,-0.000049,0.000000,0.127645
2026-03-31T00:08:20.025336,0.055604,-0.000183,0.000000,0.119813
2026-03-31T00:08:20.025450,0.052916,-0.000014,0.000000,0.129953
2026-03-31T00:08:20.028224,0.050726,0.000002,0.000000,0.130638
2026-03-31T00:08:20.030847,0.056680,0.000077,0.000000,0.129592
2026-03-31T00:08:20.033700,0.051682,0.000071,0.000000,0.134375
2026-03-31T00:08:20.033802,0.052099,-0.000052,0.000000,0.141049
2026-03-31T00:08:20.036404,0.051290,-0.000111,0.000000,0.132906
2026-03-31T00:08:20.039140,0.047365,-0.000141,0.000000,0.135037
2026-03-31T00:08:20.042045,0.050687,0.000042,0.000000,0.128291
2026-03-31T00:08:20.044568,0.052906,0.000142,0.000000,0.140066
2026-03-31T00:08:20.044700,0.051257,-0.000229,0.000000,0.147233
2026-03-31T00:08:20.047543,0.051918,0.000095,0.000000,0.138943
2026-03-31T00:08:20.050184,0.053784,-0.000024,0.000000,0.134905
2026-03-31T00:08:20.052962,0.051345,0.000175,0.000000,0.138547
2026-03-31T00:08:20.053070,0.048455,-0.000022,0.000000,0.139757
2026-03-31T00:08:20.055873,0.046625,-0.000295,0.000000,0.138205
2026-03-31T00:08:20.058609,0.052028,-0.000022,0.000000,0.137544
2026-03-31T00:08:20.061225,0.053388,-0.000013,0.000000,0.136339
2026-03-31T00:08:20.064038,0.045620,-0.000147,0.000000,0.139154
2026-03-31T00:08:20.064172,0.049995,0.000103,0.000000,0.141961
2026-03-31T00:08:20.070134,0.052370,-0.000079,0.000000,0.142511
2026-03-31T00:08:20.070338,0.045397,0.000139,0.000000,0.134129
2026-03-31T00:08:20.072310,0.053054,-0.000193,0.000000,0.140166
2026-03-31T00:08:20.072417,0.062790,0.000076,0.000000,0.141863
2026-03-31T00:08:20.075046,0.046332,0.000020,0.000000,0.139896
2026-03-31T00:08:20.078126,0.051761,-0.000200,0.000000,0.141568
2026-03-31T00:08:20.080598,0.047882,-0.000095,0.000000,0.142367
2026-03-31T00:08:20.083310,0.043389,-0.000016,0.000000,0.142486
2026-03-31T00:08:20.083423,0.041273,0.000029,0.000000,0.142232
2026-03-31T00:08:20.086162,0.049854,-0.000035,0.000000,0.142083
2026-03-31T00:08:20.089056,0.039772,-0.000183,0.000000,0.141999
2026-03-31T00:08:20.091702,0.046957,0.000147,0.000000,0.142013
2026-03-31T00:08:20.094400,0.044830,-0.000024,0.000000,0.153200
2026-03-31T00:08:20.094526,0.051085,-0.000172,0.000000,0.142798
2026-03-31T00:08:20.097191,0.045546,0.000046,0.000000,0.148360
2026-03-31T00:08:20.099928,0.043857,0.000069,0.000000,0.150368
2026-03-31T00:08:20.102601,0.043830,0.000136,0.000000,0.151341
2026-03-31T00:08:20.102716,0.048466,0.000319,0.000000,0.159486
2026-03-31T00:08:20.105563,0.053781,-0.000343,0.000000,0.153077
2026-03-31T00:08:20.108258,0.045608,-0.000155,0.000000,0.155347
2026-03-31T00:08:20.110886,0.037969,0.000046,0.000000,0.158116
2026-03-31T00:08:20.113714,0.034037,-0.000072,0.000000,0.164456
2026-03-31T00:08:20.113850,0.038693,0.000273,0.000000,0.161604
2026-03-31T00:08:20.119935,0.044235,-0.000133,0.000000,0.167624
2026-03-31T00:08:20.120089,0.060513,-0.000057,0.000000,0.168814
2026-03-31T00:08:20.121903,0.044065,0.000116,0.000000,0.162460
2026-03-31T00:08:20.122025,0.042286,-0.000031,0.000000,0.167903
2026-03-31T00:08:20.124742,0.051990,-0.000169,0.000000,0.167228
2026-03-31T00:08:20.127630,0.042755,0.000245,0.000000,0.172432
2026-03-31T00:08:20.130185,0.048524,0.000086,0.000000,0.168365
2026-03-31T00:08:20.132944,0.043400,-0.000160,0.000000,0.173723
2026-03-31T00:08:20.133054,0.043102,-0.000088,0.000000,0.176452
2026-03-31T00:08:20.135738,0.040849,-0.000015,0.000000,0.172531
2026-03-31T00:08:20.138548,0.037875,-0.000059,0.000000,0.173435
2026-03-31T00:08:20.141477,0.040887,-0.000121,0.000000,0.173698
2026-03-31T00:08:20.141585,0.044802,0.000130,0.000000,0.161475
2026-03-31T00:08:20.144183,0.044173,-0.000070,0.000000,0.172807
2026-03-31T00:08:20.146845,0.044873,-0.000074,0.000000,0.178015
2026-03-31T00:08:20.149697,0.047514,0.000063,0.000000,0.179327
2026-03-31T00:08:20.152337,0.050324,0.000071,0.000000,0.175028
2026-03-31T00:08:20.152462,0.047873,0.000174,0.000000,0.175857
2026-03-31T00:08:20.155120,0.047412,-0.000065,0.000000,0.179699
2026-03-31T00:08:20.157875,0.051244,0.000179,0.000000,0.173616
2026-03-31T00:08:20.160609,0.038631,0.000017,0.000000,0.184002
2026-03-31T00:08:20.163333,0.051539,-0.000119,0.000000,0.178211
2026-03-31T00:08:20.163467,0.052637,0.000085,0.000000,0.179094
2026-03-31T00:08:20.170106,0.056677,0.000069,0.000000,0.184158
2026-03-31T00:08:20.170281,0.052825,0.000073,0.000000,0.181159
2026-03-31T00:08:20.171616,0.053065,-0.000184,0.000000,0.182808
2026-03-31T00:08:20.171898,0.052722,-0.000076,0.000000,0.176496
2026-03-31T00:08:20.174433,0.054891,0.000074,0.000000,0.181104
2026-03-31T00:08:20.177131,0.048347,-0.000067,0.000000,0.184122
2026-03-31T00:08:20.179885,0.050345,-0.000024,0.000000,0.185064
2026-03-31T00:08:20.182672,0.055662,-0.000149,0.000000,0.189429
2026-03-31T00:08:20.182784,0.054938,0.000117,0.000000,0.192438
2026-03-31T00:08:20.185491,0.039268,-0.000044,0.000000,0.186315
2026-03-31T00:08:20.188222,0.061051,0.000097,0.000000,0.193238
2026-03-31T00:08:20.190981,0.054150,-0.000020,0.000000,0.192853
2026-03-31T00:08:20.191089,0.058711,0.012900,0.000000,0.196598
2026-03-31T00:08:20.193795,0.061515,-0.000098,0.000000,0.199610
2026-03-31T00:08:20.196535,0.059177,-0.000135,0.000000,0.190959
2026-03-31T00:08:20.199325,0.057850,-0.000047,0.000000,0.194344
2026-03-31T00:08:20.202046,0.068454,-0.000036,0.000000,0.192440
2026-03-31T00:08:20.202175,0.072160,-0.000180,0.000000,0.198387
2026-03-31T00:08:20.204855,0.066761,0.000050,0.000000,0.198444
2026-03-31T00:08:20.207544,0.071286,-0.000128,0.000000,0.193695
2026-03-31T00:08:20.210337,0.069199,0.000059,0.000000,0.201433
2026-03-31T00:08:20.210462,0.080057,-0.000074,0.000000,0.197018
2026-03-31T00:08:20.213099,0.072605,-0.000044,0.000000,0.195157
2026-03-31T00:08:20.220121,0.089584,-0.000141,0.000000,0.197827
2026-03-31T00:08:20.220354,0.089870,-0.000072,0.000000,0.196924
2026-03-31T00:08:20.221298,0.090719,0.000141,0.000000,0.195875
2026-03-31T00:08:20.221478,0.093969,-0.000024,0.000000,0.198094
2026-03-31T00:08:20.224092,0.099019,-0.000022,0.000000,0.196090
2026-03-31T00:08:20.226786,0.090971,-0.000139,0.000000,0.195133
2026-03-31T00:08:20.229633,0.097845,0.001001,0.000000,0.199313
2026-03-31T00:08:20.232488,0.098640,0.000766,0.000000,0.200461
2026-03-31T00:08:20.232603,0.106897,0.002034,0.000000,0.201419
2026-03-31T00:08:20.235171,0.103971,-0.000013,0.000000,0.201528
2026-03-31T00:08:20.237901,0.104238,-0.000035,0.000000,0.199507
2026-03-31T00:08:20.240710,0.103093,-0.000057,0.000000,0.199644
2026-03-31T00:08:20.240819,0.111260,0.010876,0.000000,0.196762
2026-03-31T00:08:20.243524,0.111373,0.000161,0.000000,0.201295
2026-03-31T00:08:20.246228,0.108477,-0.000012,0.000000,0.198410
2026-03-31T00:08:20.249067,0.114755,0.000086,0.000000,0.199645
2026-03-31T00:08:20.251691,0.128164,-0.000090,0.000000,0.206492
2026-03-31T00:08:20.251806,0.125095,0.000023,0.000000,0.183625
2026-03-31T00:08:20.254470,0.126635,0.004999,0.000000,0.207402
2026-03-31T00:08:20.257321,0.130400,-0.000001,0.000000,0.202396
2026-03-31T00:08:20.259944,0.127065,0.000091,0.000000,0.198472
2026-03-31T00:08:20.260068,0.136277,0.000029,0.000000,0.200878
2026-03-31T00:08:20.262729,0.131108,0.002211,0.000000,0.201641
2026-03-31T00:08:20.270055,0.127211,-0.000116,0.000000,0.179517
2026-03-31T00:08:20.270225,0.142615,0.000957,0.000000,0.194542
2026-03-31T00:08:20.270995,0.153518,0.013997,0.000000,0.194189
2026-03-31T00:08:20.271263,0.140592,-0.000065,0.000000,0.196770
2026-03-31T00:08:20.273914,0.147125,0.001025,0.000000,0.203506
2026-03-31T00:08:20.276533,0.143050,0.000121,0.000000,0.201436
2026-03-31T00:08:20.279349,0.146104,0.006788,0.000000,0.203177
2026-03-31T00:08:20.279449,0.148408,-0.000037,0.000000,0.203148
2026-03-31T00:08:20.282217,0.152849,0.000024,0.000000,0.201010
2026-03-31T00:08:20.284895,0.162776,0.000141,0.000000,0.198557
2026-03-31T00:08:20.287529,0.159336,0.001181,0.000000,0.188964
2026-03-31T00:08:20.290431,0.163088,0.003939,0.000000,0.200432
2026-03-31T00:08:20.290544,0.174103,0.001051,0.000000,0.198985
2026-03-31T00:08:20.293198,0.156199,0.001901,0.000000,0.198694
2026-03-31T00:08:20.295855,0.165060,0.009006,0.000000,0.194850
2026-03-31T00:08:20.298646,0.164073,0.002998,0.000000,0.192297
2026-03-31T00:08:20.301389,0.176040,0.006034,0.000000,0.192578
2026-03-31T00:08:20.301509,0.173047,0.007981,0.000000,0.197858
2026-03-31T00:08:20.304156,0.174849,-0.000014,0.000000,0.193203
2026-03-31T00:08:20.306943,0.178454,0.003743,0.000000,0.192908
2026-03-31T00:08:20.309613,0.176481,0.006929,0.000000,0.193391
2026-03-31T00:08:20.309738,0.172820,0.004897,0.000000,0.192868
2026-03-31T00:08:20.312467,0.178808,0.009012,0.000000,0.202583
2026-03-31T00:08:20.315312,0.179150,0.003964,0.000000,0.192970
2026-03-31T00:08:20.319896,0.189094,0.013009,0.000000,0.196879
2026-03-31T00:08:20.320654,0.193505,0.012042,0.000000,0.197249
2026-03-31T00:08:20.320974,0.199044,0.007957,0.000000,0.195785
2026-03-31T00:08:20.323498,0.181519,0.009889,0.000000,0.192579
2026-03-31T00:08:20.326259,0.191647,0.003993,0.000000,0.188821
2026-03-31T00:08:20.328947,0.188058,0.005969,0.000000,0.198212
2026-03-31T00:08:20.329068,0.189539,0.009045,0.000000,0.195524
2026-03-31T00:08:20.331793,0.190019,0.015090,0.000000,0.194177
2026-03-31T00:08:20.334502,0.195745,0.009865,0.000000,0.192299
2026-03-31T00:08:20.337271,0.201040,0.007949,0.000000,0.202267
2026-03-31T00:08:20.340029,0.202029,0.011872,0.000000,0.193817
2026-03-31T00:08:20.340143,0.198655,0.012009,0.000000,0.197538
2026-03-31T00:08:20.342808,0.199296,0.008019,0.000000,0.193420
2026-03-31T00:08:20.345589,0.189098,0.006002,0.000000,0.191992
2026-03-31T00:08:20.348460,0.196029,0.008202,0.000000,0.187976
2026-03-31T00:08:20.348567,0.208804,0.010029,0.000000,0.193807
2026-03-31T00:08:20.351122,0.198989,0.006754,0.000000,0.189506
2026-03-31T00:08:20.353807,0.197635,0.010855,0.000000,0.204397
2026-03-31T00:08:20.356675,0.205248,0.010999,0.000000,0.192557
2026-03-31T00:08:20.359396,0.200263,0.009946,0.000000,0.193515
2026-03-31T00:08:20.359527,0.200711,0.012902,0.000000,0.192860
2026-03-31T00:08:20.362281,0.199010,0.011035,0.000000,0.178534
2026-03-31T00:08:20.364936,0.197592,0.013054,0.000000,0.189842
2026-03-31T00:08:20.369824,0.208347,0.011910,0.000000,0.181467
2026-03-31T00:08:20.370427,0.205623,0.015385,0.000000,0.183540
2026-03-31T00:08:20.370763,0.205405,0.013205,0.000000,0.189287
2026-03-31T00:08:20.373101,0.207246,0.013256,0.000000,0.184458
2026-03-31T00:08:20.375883,0.206571,0.013159,0.000000,0.174004
2026-03-31T00:08:20.378617,0.204409,0.016154,0.000000,0.184683
2026-03-31T00:08:20.378743,0.207758,0.014039,0.000000,0.180211
2026-03-31T00:08:20.381511,0.207337,0.014043,0.000000,0.169337
2026-03-31T00:08:20.384288,0.206973,0.012903,0.000000,0.188687
2026-03-31T00:08:20.386960,0.207368,0.012970,0.000000,0.172947
2026-03-31T00:08:20.389692,0.207684,0.013042,0.000000,0.185331
2026-03-31T00:08:20.389804,0.205763,0.011883,0.000000,0.188919
2026-03-31T00:08:20.392516,0.203712,0.013144,0.000000,0.182872
2026-03-31T00:08:20.395222,0.203554,0.013192,0.000000,0.182082
2026-03-31T00:08:20.397940,0.201291,0.012829,0.000000,0.184229
2026-03-31T00:08:20.398048,0.200611,0.015339,0.000000,0.181672
2026-03-31T00:08:20.400844,0.207098,0.011927,0.000000,0.185452
2026-03-31T00:08:20.403494,0.204046,0.006013,0.000000,0.183049
2026-03-31T00:08:20.406233,0.204675,0.012932,0.000000,0.182800
2026-03-31T00:08:20.409069,0.207075,0.006949,0.000000,0.178370
2026-03-31T00:08:20.409195,0.207154,0.012774,0.000000,0.181748
2026-03-31T00:08:20.411891,0.206665,0.008883,0.000000,0.180976
2026-03-31T00:08:20.414592,0.208018,0.010981,0.000000,0.180463
2026-03-31T00:08:20.420293,0.207191,0.010200,0.000000,0.180857
2026-03-31T00:08:20.420620,0.206325,0.006080,0.000000,0.175229
2026-03-31T00:08:20.420815,0.205514,0.007808,0.000000,0.167796
2026-03-31T00:08:20.422832,0.210853,0.006945,0.000000,0.169638
2026-03-31T00:08:20.425527,0.210265,0.007042,0.000000,0.169504
2026-03-31T00:08:20.428339,0.205927,0.009989,0.000000,0.168673
2026-03-31T00:08:20.428505,0.205765,0.012117,0.000000,0.168118
2026-03-31T00:08:20.431114,0.215242,0.000961,0.000000,0.180660
2026-03-31T00:08:20.433939,0.209679,0.004034,0.000000,0.177594
2026-03-31T00:08:20.436659,0.202605,0.008983,0.000000,0.174518
2026-03-31T00:08:20.439317,0.202854,0.006788,0.000000,0.172185
2026-03-31T00:08:20.439437,0.206070,-0.000165,0.000000,0.169731
2026-03-31T00:08:20.442260,0.206417,0.002929,0.000000,0.171523
2026-03-31T00:08:20.444850,0.203837,0.000056,0.000000,0.169288
2026-03-31T00:08:20.447649,0.207272,0.005891,0.000000,0.171333
2026-03-31T00:08:20.447765,0.203477,0.004000,0.000000,0.168229
2026-03-31T00:08:20.450523,0.190740,-0.000085,0.000000,0.168411
2026-03-31T00:08:20.453170,0.195282,0.000018,0.000000,0.169785
2026-03-31T00:08:20.456040,0.191731,0.009217,0.000000,0.168640
2026-03-31T00:08:20.458767,0.197653,0.002214,0.000000,0.167329
2026-03-31T00:08:20.458897,0.198510,0.001947,0.000000,0.175317
2026-03-31T00:08:20.461531,0.195518,0.007025,0.000000,0.167942
2026-03-31T00:08:20.464344,0.194898,0.012986,0.000000,0.168774
2026-03-31T00:08:20.469891,0.191915,0.004851,0.000000,0.165139
2026-03-31T00:08:20.470080,0.193450,0.001836,0.000000,0.147400
2026-03-31T00:08:20.470287,0.190870,0.003061,0.000000,0.154554
2026-03-31T00:08:20.472460,0.191383,0.000805,0.000000,0.158518
2026-03-31T00:08:20.475307,0.191236,0.000086,0.000000,0.152626
2026-03-31T00:08:20.478419,0.192736,0.005659,0.000000,0.144526
2026-03-31T00:08:20.478534,0.191971,0.002100,0.000000,0.152706
2026-03-31T00:08:20.480939,0.194480,0.001088,0.000000,0.141222
2026-03-31T00:08:20.483646,0.193721,0.002060,0.000000,0.151580
2026-03-31T00:08:20.486577,0.191186,-0.000094,0.000000,0.142499
2026-03-31T00:08:20.486684,0.189208,-0.000040,0.000000,0.143321
2026-03-31T00:08:20.489256,0.182764,-0.000073,0.000000,0.142159
2026-03-31T00:08:20.491966,0.186835,0.000112,0.000000,0.142478
2026-03-31T00:08:20.494614,0.188275,0.000046,0.000000,0.142491
2026-03-31T00:08:20.497428,0.184765,0.000064,0.000000,0.142978
2026-03-31T00:08:20.497543,0.194880,-0.000101,0.000000,0.143176
2026-03-31T00:08:20.500278,0.188411,-0.000108,0.000000,0.143703
2026-03-31T00:08:20.502844,0.172811,-0.000031,0.000000,0.135539
2026-03-31T00:08:20.505662,0.176204,-0.000011,0.000000,0.137299
2026-03-31T00:08:20.508362,0.176339,0.000084,0.000000,0.140500
2026-03-31T00:08:20.508497,0.180067,0.000080,0.000000,0.141810
2026-03-31T00:08:20.511183,0.171525,0.000091,0.000000,0.140642
2026-03-31T00:08:20.513941,0.188134,-0.000076,0.000000,0.141837
2026-03-31T00:08:20.519822,0.171390,0.000049,0.000000,0.145704
2026-03-31T00:08:20.519990,0.163988,0.000118,0.000000,0.142643
2026-03-31T00:08:20.520240,0.163883,-0.000093,0.000000,0.139743
2026-03-31T00:08:20.522295,0.163898,0.000046,0.000000,0.141370
2026-03-31T00:08:20.524896,0.164792,0.000080,0.000000,0.141897
2026-03-31T00:08:20.528253,0.165063,-0.000235,0.000000,0.142234
2026-03-31T00:08:20.528395,0.161573,0.000046,0.000000,0.129187
2026-03-31T00:08:20.530563,0.153798,-0.000052,0.000000,0.142229
2026-03-31T00:08:20.533330,0.162064,0.000053,0.000000,0.140976
2026-03-31T00:08:20.536027,0.151087,-0.000060,0.000000,0.119085
2026-03-31T00:08:20.536134,0.154952,0.000025,0.000000,0.131496
2026-03-31T00:08:20.538825,0.156057,-0.000073,0.000000,0.125044
2026-03-31T00:08:20.541640,0.155925,-0.000100,0.000000,0.131561
2026-03-31T00:08:20.544268,0.152695,-0.000127,0.000000,0.137282
2026-03-31T00:08:20.547067,0.149324,0.000083,0.000000,0.129437
2026-03-31T00:08:20.547186,0.173063,-0.000161,0.000000,0.127418
2026-03-31T00:08:20.549928,0.145406,0.000034,0.000000,0.127458
2026-03-31T00:08:20.552624,0.134977,0.000167,0.000000,0.124967
2026-03-31T00:08:20.555430,0.139018,0.000032,0.000000,0.120255
2026-03-31T00:08:20.555560,0.138845,-0.000149,0.000000,0.122493
2026-03-31T00:08:20.558250,0.130130,-0.000123,0.000000,0.125790
2026-03-31T00:08:20.560903,0.144274,-0.000009,0.000000,0.121664
2026-03-31T00:08:20.563662,0.132372,-0.000270,0.000000,0.121530
2026-03-31T00:08:20.568805,0.131179,0.000021,0.000000,0.120415
2026-03-31T00:08:20.569001,0.113524,0.000020,0.000000,0.125282
2026-03-31T00:08:20.569324,0.115197,0.000085,0.000000,0.128485
2026-03-31T00:08:20.571827,0.112605,-0.000145,0.000000,0.123551
2026-03-31T00:08:20.574549,0.116157,-0.000043,0.000000,0.127468
2026-03-31T00:08:20.577783,0.108612,-0.000117,0.000000,0.119112
2026-03-31T00:08:20.577927,0.104139,0.000020,0.000000,0.131128
2026-03-31T00:08:20.580336,0.104471,-0.000070,0.000000,0.119544
2026-03-31T00:08:20.582966,0.106287,-0.000234,0.000000,0.124347
2026-03-31T00:08:20.585665,0.106787,0.000087,0.000000,0.123292
2026-03-31T00:08:20.585776,0.093563,0.000053,0.000000,0.124116
2026-03-31T00:08:20.588483,0.094231,-0.000102,0.000000,0.139150
2026-03-31T00:08:20.591234,0.091840,0.000033,0.000000,0.138046
2026-03-31T00:08:20.593873,0.091304,-0.000211,0.000000,0.133594
2026-03-31T00:08:20.596651,0.087697,0.000026,0.000000,0.138026
2026-03-31T00:08:20.596763,0.089286,-0.000063,0.000000,0.139240
2026-03-31T00:08:20.599541,0.090527,0.000015,0.000000,0.136323
2026-03-31T00:08:20.602234,0.077033,-0.000022,0.000000,0.134441
2026-03-31T00:08:20.605004,0.075800,0.000104,0.000000,0.137026
2026-03-31T00:08:20.605130,0.075098,-0.000053,0.000000,0.134889
2026-03-31T00:08:20.607894,0.076336,-0.000211,0.000000,0.134464
2026-03-31T00:08:20.610513,0.075041,-0.000145,0.000000,0.139290
2026-03-31T00:08:20.613292,0.077301,0.000139,0.000000,0.138534
2026-03-31T00:08:20.618407,0.071191,-0.000051,0.000000,0.135398
2026-03-31T00:08:20.619397,0.070587,0.000103,0.000000,0.134716
2026-03-31T00:08:20.619572,0.065972,-0.000005,0.000000,0.127469
2026-03-31T00:08:20.621628,0.063226,0.000032,0.000000,0.128098
2026-03-31T00:08:20.624368,0.064307,0.000028,0.000000,0.128872
2026-03-31T00:08:20.624476,0.060973,0.000013,0.000000,0.126766
2026-03-31T00:08:20.626990,0.063569,-0.000015,0.000000,0.127459
2026-03-31T00:08:20.629965,0.060573,0.000104,0.000000,0.124409
2026-03-31T00:08:20.632647,0.057134,-0.000184,0.000000,0.128138
2026-03-31T00:08:20.635307,0.052509,-0.000308,0.000000,0.126889
2026-03-31T00:08:20.635429,0.047568,-0.000056,0.000000,0.127549
2026-03-31T00:08:20.638133,0.052157,-0.000085,0.000000,0.125079
2026-03-31T00:08:20.640971,0.053819,-0.000033,0.000000,0.126297
2026-03-31T00:08:20.643536,0.048563,-0.000008,0.000000,0.125500
2026-03-31T00:08:20.646296,0.051846,-0.000069,0.000000,0.124061
2026-03-31T00:08:20.646417,0.049050,-0.000005,0.000000,0.126125
2026-03-31T00:08:20.649206,0.051583,0.000027,0.000000,0.121105
2026-03-31T00:08:20.651881,0.046420,-0.000017,0.000000,0.117530
2026-03-31T00:08:20.654565,0.038090,0.000084,0.000000,0.128410
2026-03-31T00:08:20.654699,0.038784,0.000243,0.000000,0.130985
2026-03-31T00:08:20.657576,0.037161,-0.000051,0.000000,0.130914
2026-03-31T00:08:20.660176,0.042292,0.000125,0.000000,0.130555
2026-03-31T00:08:20.662932,0.039462,-0.000318,0.000000,0.138280
2026-03-31T00:08:20.669679,0.039889,0.000250,0.000000,0.151234
2026-03-31T00:08:20.669883,0.039071,0.000094,0.000000,0.131026
2026-03-31T00:08:20.670138,0.030049,-0.000119,0.000000,0.156672
2026-03-31T00:08:20.671311,0.038809,-0.000003,0.000000,0.141747
2026-03-31T00:08:20.673970,0.030180,0.000081,0.000000,0.134662
2026-03-31T00:08:20.674081,0.028843,0.000174,0.000000,0.134698
2026-03-31T00:08:20.676742,0.032155,-0.000368,0.000000,0.141315
2026-03-31T00:08:20.679589,0.031969,0.000139,0.000000,0.139080
2026-03-31T00:08:20.682419,0.033866,0.000044,0.000000,0.135529
2026-03-31T00:08:20.685216,0.030710,-0.000057,0.000000,0.134923
2026-03-31T00:08:20.685332,0.029433,0.000077,0.000000,0.127273
2026-03-31T00:08:20.688028,0.029546,0.000226,0.000000,0.140453
2026-03-31T00:08:20.690610,0.025931,0.000148,0.000000,0.128767
2026-03-31T00:08:20.693247,0.028142,-0.000089,0.000000,0.126294
2026-03-31T00:08:20.693356,0.025876,-0.000022,0.000000,0.153835
2026-03-31T00:08:20.696094,0.030538,-0.000206,0.000000,0.126671
2026-03-31T00:08:20.698922,0.023888,-0.000123,0.000000,0.126415
2026-03-31T00:08:20.701570,0.027527,-0.000071,0.000000,0.126361
2026-03-31T00:08:20.704321,0.027011,-0.000078,0.000000,0.127004
2026-03-31T00:08:20.704459,0.023124,-0.000081,0.000000,0.120494
2026-03-31T00:08:20.707206,0.021258,-0.000054,0.000000,0.121016
2026-03-31T00:08:20.709865,0.021991,0.000129,0.000000,0.121634
2026-03-31T00:08:20.712602,0.025402,-0.000170,0.000000,0.122432
2026-03-31T00:08:20.718788,0.020053,-0.000168,0.000000,0.125473
2026-03-31T00:08:20.719040,0.018480,0.000092,0.000000,0.124402
2026-03-31T00:08:20.719221,0.020465,-0.000130,0.000000,0.117537
2026-03-31T00:08:20.720836,0.013210,-0.000050,0.000000,0.117879
2026-03-31T00:08:20.723595,0.018654,-0.000111,0.000000,0.118720
2026-03-31T00:08:20.723722,0.019134,-0.000112,0.000000,0.119029
2026-03-31T00:08:20.726369,0.019539,0.000319,0.000000,0.115526
2026-03-31T00:08:20.729249,0.016181,0.000057,0.000000,0.111358
2026-03-31T00:08:20.732028,0.018492,0.000059,0.000000,0.103988
2026-03-31T00:08:20.734677,0.001875,-0.000159,0.000000,0.116664
2026-03-31T00:08:20.734795,0.018592,0.000137,0.000000,0.118596
2026-03-31T00:08:20.737542,0.017008,0.000035,0.000000,0.130403
2026-03-31T00:08:20.740251,0.015452,-0.000056,0.000000,0.130144
2026-03-31T00:08:20.742936,0.024379,-0.000093,0.000000,0.128627
2026-03-31T00:08:20.743059,0.018858,0.000111,0.000000,0.123702
2026-03-31T00:08:20.745767,0.015887,-0.000142,0.000000,0.131448
2026-03-31T00:08:20.748598,0.020052,-0.000236,0.000000,0.129116
2026-03-31T00:08:20.751292,0.015116,0.000051,0.000000,0.126395
2026-03-31T00:08:20.753928,0.017205,0.000087,0.000000,0.127317
2026-03-31T00:08:20.754057,0.013010,-0.000180,0.000000,0.130687
2026-03-31T00:08:20.756863,0.014262,-0.000219,0.000000,0.128476
2026-03-31T00:08:20.759569,0.014117,-0.000062,0.000000,0.118606
2026-03-31T00:08:20.762346,0.014218,-0.000017,0.000000,0.129782
2026-03-31T00:08:20.762479,0.001078,0.000051,0.000000,0.137198
2026-03-31T00:08:20.765226,0.018417,-0.000190,0.000000,0.126763
2026-03-31T00:08:20.769969,0.013038,0.000009,0.000000,0.126753
2026-03-31T00:08:20.770996,0.013109,0.000078,0.000000,0.119259
2026-03-31T00:08:20.773313,0.011702,0.000161,0.000000,0.123312
2026-03-31T00:08:20.773441,0.035910,-0.000059,0.000000,0.121516
2026-03-31T00:08:20.776120,0.011928,0.000081,0.000000,0.126580
2026-03-31T00:08:20.778849,0.012143,0.000027,0.000000,0.126703
2026-03-31T00:08:20.781664,0.014416,0.000143,0.000000,0.124224
2026-03-31T00:08:20.784432,0.014052,-0.000134,0.000000,0.124541
2026-03-31T00:08:20.784553,0.011730,-0.000070,0.000000,0.126886
2026-03-31T00:08:20.787213,0.009490,0.000245,0.000000,0.120780
2026-03-31T00:08:20.789901,0.013262,-0.000078,0.000000,0.118424
2026-03-31T00:08:20.792596,0.009875,0.000027,0.000000,0.122433
2026-03-31T00:08:20.792704,0.013394,0.000135,0.000000,0.124262
2026-03-31T00:08:20.795417,0.010437,0.000097,0.000000,0.120359
2026-03-31T00:08:20.798261,0.012835,0.000229,0.000000,0.126568
2026-03-31T00:08:20.800951,0.009930,-0.000164,0.000000,0.130082
2026-03-31T00:08:20.803647,0.010255,0.000121,0.000000,0.128428
2026-03-31T00:08:20.803787,0.008025,0.000082,0.000000,0.138681
2026-03-31T00:08:20.806497,0.011187,-0.000046,0.000000,0.138613
2026-03-31T00:08:20.809237,0.013115,0.000023,0.000000,0.137350
2026-03-31T00:08:20.812014,0.009439,0.000029,0.000000,0.134668
2026-03-31T00:08:20.812138,0.009787,-0.000180,0.000000,0.137670
2026-03-31T00:08:20.814865,-0.001086,-0.000175,0.000000,0.142332
2026-03-31T00:08:20.818920,0.011422,-0.000145,0.000000,0.135538
2026-03-31T00:08:20.820388,0.011369,0.000053,0.000000,0.131517
2026-03-31T00:08:20.822927,0.005697,0.000034,0.000000,0.126268
2026-03-31T00:08:20.823036,0.011519,0.000255,0.000000,0.131159
2026-03-31T00:08:20.825753,0.010151,0.000182,0.000000,0.134496
2026-03-31T00:08:20.828760,0.008040,0.000062,0.000000,0.134687
2026-03-31T00:08:20.831384,0.012777,-0.000032,0.000000,0.133851
2026-03-31T00:08:20.831501,0.019002,0.000047,0.000000,0.137855
2026-03-31T00:08:20.834035,0.009073,-0.000065,0.000000,0.134579
2026-03-31T00:08:20.836880,0.007013,-0.000060,0.000000,0.128414
2026-03-31T00:08:20.839557,0.013612,-0.000022,0.000000,0.131104
2026-03-31T00:08:20.842371,0.004792,-0.000064,0.000000,0.129508
2026-03-31T00:08:20.842505,0.013784,-0.000176,0.000000,0.130469
2026-03-31T00:08:20.845130,0.007501,-0.000149,0.000000,0.128606
2026-03-31T00:08:20.847811,0.008718,0.000053,0.000000,0.131345
2026-03-31T00:08:20.850566,0.010346,-0.000029,0.000000,0.129467
2026-03-31T00:08:20.853302,0.005310,-0.000044,0.000000,0.127248
2026-03-31T00:08:20.853447,0.007549,-0.000012,0.000000,0.128455
2026-03-31T00:08:20.856127,0.003033,0.000024,0.000000,0.128867
2026-03-31T00:08:20.858942,0.003718,0.000101,0.000000,0.125314
2026-03-31T00:08:20.861653,0.006305,-0.000020,0.000000,0.129293
2026-03-31T00:08:20.861777,0.005439,0.000068,0.000000,0.155643
2026-03-31T00:08:20.864457,0.010845,-0.000170,0.000000,0.139511
2026-03-31T00:08:20.869112,0.003006,-0.000145,0.000000,0.126692
2026-03-31T00:08:20.870235,0.002534,0.000120,0.000000,0.129383
2026-03-31T00:08:20.872604,0.003939,-0.000059,0.000000,0.125423
2026-03-31T00:08:20.872717,-0.000119,0.000289,0.000000,0.119554
2026-03-31T00:08:20.875453,0.011954,0.000306,0.000000,0.127433
2026-03-31T00:08:20.878211,0.008049,-0.000004,0.000000,0.130181
2026-03-31T00:08:20.880923,0.009275,-0.000057,0.000000,0.134802
2026-03-31T00:08:20.881030,0.010795,0.000023,0.000000,0.134279
2026-03-31T00:08:20.883853,0.010077,0.000106,0.000000,0.131532
2026-03-31T00:08:20.886479,0.006575,0.000127,0.000000,0.138126
2026-03-31T00:08:20.889274,0.009167,-0.000018,0.000000,0.146833
2026-03-31T00:08:20.891999,0.004014,-0.000117,0.000000,0.143721
2026-03-31T00:08:20.892114,0.012572,-0.000146,0.000000,0.143820
2026-03-31T00:08:20.894798,0.007159,-0.000091,0.000000,0.143465
2026-03-31T00:08:20.897465,0.004747,0.000090,0.000000,0.142160
2026-03-31T00:08:20.900333,0.006366,-0.000030,0.000000,0.142471
2026-03-31T00:08:20.900458,0.004310,0.000074,0.000000,0.141320
2026-03-31T00:08:20.903087,0.009704,-0.000108,0.000000,0.144586
2026-03-31T00:08:20.905908,0.005538,-0.000077,0.000000,0.141998
2026-03-31T00:08:20.908500,0.006424,0.000136,0.000000,0.140358
2026-03-31T00:08:20.911368,0.011479,-0.000095,0.000000,0.144752
2026-03-31T00:08:20.911521,0.005334,0.000071,0.000000,0.139315
2026-03-31T00:08:20.914103,0.008175,0.000271,0.000000,0.131467
2026-03-31T00:08:20.920106,0.008497,0.000204,0.000000,0.151946
2026-03-31T00:08:20.920745,0.008095,-0.000080,0.000000,0.156703
2026-03-31T00:08:20.922302,0.007102,-0.000128,0.000000,0.141147
2026-03-31T00:08:20.922427,0.009440,-0.000077,0.000000,0.142089
2026-03-31T00:08:20.925070,0.002165,0.000075,0.000000,0.138698
2026-03-31T00:08:20.927851,0.001712,-0.000027,0.000000,0.141599
2026-03-31T00:08:20.930679,0.003557,0.000136,0.000000,0.133804
2026-03-31T00:08:20.930783,0.005224,-0.000071,0.000000,0.138377
2026-03-31T00:08:20.933591,0.004577,-0.000024,0.000000,0.136429
2026-03-31T00:08:20.936250,0.002777,0.000026,0.000000,0.135677
2026-03-31T00:08:20.938840,0.004084,-0.000057,0.000000,0.136833
2026-03-31T00:08:20.941712,0.004695,0.000206,0.000000,0.133644
2026-03-31T00:08:20.941825,0.000495,-0.000020,0.000000,0.131282
2026-03-31T00:08:20.944449,0.006568,-0.000101,0.000000,0.135348
2026-03-31T00:08:20.947146,0.009563,0.000051,0.000000,0.138281
2026-03-31T00:08:20.949888,0.002319,-0.000216,0.000000,0.128040
2026-03-31T00:08:20.949997,0.003754,-0.000093,0.000000,0.157213
2026-03-31T00:08:20.952655,0.007198,-0.000121,0.000000,0.140098
2026-03-31T00:08:20.955561,0.009938,0.000043,0.000000,0.137956
2026-03-31T00:08:20.958304,0.007035,0.000228,0.000000,0.138985
2026-03-31T00:08:20.960919,0.000182,-0.000141,0.000000,0.138415
2026-03-31T00:08:20.961108,0.002015,-0.000122,0.000000,0.140332
2026-03-31T00:08:20.963859,0.007542,-0.000092,0.000000,0.142307
2026-03-31T00:08:20.968672,0.004527,0.000347,0.000000,0.143328
2026-03-31T00:08:20.969198,0.003973,0.000303,0.000000,0.142668
2026-03-31T00:08:20.969344,0.005053,-0.000067,0.000000,0.150076
2026-03-31T00:08:20.972054,0.008809,-0.000004,0.000000,0.147936
2026-03-31T00:08:20.974744,0.003876,0.000098,0.000000,0.155802
2026-03-31T00:08:20.977722,0.005962,-0.000192,0.000000,0.147461
2026-03-31T00:08:20.980402,0.011196,0.000213,0.000000,0.146518
2026-03-31T00:08:20.980525,0.011450,-0.000024,0.000000,0.142711
2026-03-31T00:08:20.983185,0.006716,-0.000166,0.000000,0.142764
2026-03-31T00:08:20.985845,0.009986,0.000173,0.000000,0.140006
2026-03-31T00:08:20.988571,0.005767,-0.000113,0.000000,0.138261
2026-03-31T00:08:20.991387,0.006031,-0.000064,0.000000,0.140863
2026-03-31T00:08:20.991506,0.005158,-0.000012,0.000000,0.145039
2026-03-31T00:08:20.994198,0.010743,0.000028,0.000000,0.150754
2026-03-31T00:08:20.996860,0.005213,-0.000130,0.000000,0.141361
2026-03-31T00:08:20.999681,0.005165,-0.000001,0.000000,0.141842
2026-03-31T00:08:20.999806,0.000174,-0.000228,0.000000,0.142303
2026-03-31T00:08:21.002448,0.005242,0.000153,0.000000,0.138387
2026-03-31T00:08:21.005114,0.004023,-0.000130,0.000000,0.136599
2026-03-31T00:08:21.007946,0.005385,0.000112,0.000000,0.131108
2026-03-31T00:08:21.010680,0.009185,-0.000009,0.000000,0.139852
2026-03-31T00:08:21.010809,0.005135,0.000070,0.000000,0.132361
2026-03-31T00:08:21.013463,0.001651,-0.000015,0.000000,0.141248
2026-03-31T00:08:21.020203,0.006661,-0.000238,0.000000,0.131178
2026-03-31T00:08:21.020619,0.010095,-0.000045,0.000000,0.138551
2026-03-31T00:08:21.020789,0.005162,0.000184,0.000000,0.134355
2026-03-31T00:08:21.021929,0.009783,-0.000066,0.000000,0.129622
2026-03-31T00:08:21.024485,0.002336,-0.000071,0.000000,0.136908
2026-03-31T00:08:21.027198,0.004150,0.000088,0.000000,0.130064
2026-03-31T00:08:21.029943,0.000930,-0.000291,0.000000,0.132123
2026-03-31T00:08:21.030058,0.004686,0.000089,0.000000,0.131418
2026-03-31T00:08:21.032845,0.009821,-0.000033,0.000000,0.131061
2026-03-31T00:08:21.035577,0.006702,0.000032,0.000000,0.132995
2026-03-31T00:08:21.038215,0.009996,-0.000248,0.000000,0.137998
2026-03-31T00:08:21.038321,0.006740,-0.000064,0.000000,0.141464
2026-03-31T00:08:21.041141,0.002779,0.000088,0.000000,0.141656
2026-03-31T00:08:21.043865,0.008686,0.000126,0.000000,0.142345
2026-03-31T00:08:21.046557,0.006528,-0.000128,0.000000,0.142435
2026-03-31T00:08:21.049374,0.006629,-0.000028,0.000000,0.140525
2026-03-31T00:08:21.049481,0.009084,-0.000154,0.000000,0.140211
2026-03-31T00:08:21.052175,0.008712,0.000016,0.000000,0.138136
2026-03-31T00:08:21.054853,0.007606,0.000043,0.000000,0.142027
2026-03-31T00:08:21.057662,0.009846,-0.000243,0.000000,0.139193
2026-03-31T00:08:21.060364,0.009702,-0.000061,0.000000,0.135387
2026-03-31T00:08:21.060493,0.015178,-0.000045,0.000000,0.136376
2026-03-31T00:08:21.063167,0.005254,0.000008,0.000000,0.135233
2026-03-31T00:08:21.070352,0.000043,-0.000024,0.000000,0.136493
2026-03-31T00:08:21.070546,0.006067,0.000007,0.000000,0.133023
2026-03-31T00:08:21.070719,0.006837,0.000120,0.000000,0.133064
2026-03-31T00:08:21.071575,0.009711,0.000131,0.000000,0.131453
2026-03-31T00:08:21.074200,0.010348,-0.000165,0.000000,0.130947
2026-03-31T00:08:21.076864,0.004353,-0.000050,0.000000,0.131246
2026-03-31T00:08:21.079687,0.013506,0.000144,0.000000,0.123516
2026-03-31T00:08:21.079802,0.006237,0.000055,0.000000,0.130258
2026-03-31T00:08:21.082538,0.010202,0.000226,0.000000,0.131255
2026-03-31T00:08:21.085213,0.006353,0.000356,0.000000,0.129129
2026-03-31T00:08:21.087950,0.010417,0.000025,0.000000,0.131884
2026-03-31T00:08:21.088057,0.009855,-0.000070,0.000000,0.126592
2026-03-31T00:08:21.090816,0.007044,0.000091,0.000000,0.128171
2026-03-31T00:08:21.093453,0.009438,0.000134,0.000000,0.126891
2026-03-31T00:08:21.096194,0.006922,-0.000324,0.000000,0.128604
2026-03-31T00:08:21.099062,0.012019,-0.000059,0.000000,0.130382
2026-03-31T00:08:21.099181,0.009846,0.000361,0.000000,0.121691
2026-03-31T00:08:21.101934,0.009036,-0.000032,0.000000,0.127461
2026-03-31T00:08:21.104526,0.007772,0.000168,0.000000,0.126656
2026-03-31T00:08:21.107288,0.010998,0.000132,0.000000,0.131354
2026-03-31T00:08:21.107508,0.014681,0.000138,0.000000,0.129550
2026-03-31T00:08:21.110205,0.012918,0.000023,0.000000,0.130717
2026-03-31T00:08:21.112889,0.011743,0.000003,0.000000,0.134918
2026-03-31T00:08:21.120075,0.009510,0.000035,0.000000,0.131223
2026-03-31T00:08:21.120570,0.012596,0.000163,0.000000,0.135533
2026-03-31T00:08:21.121077,0.011575,-0.000035,0.000000,0.138684
2026-03-31T00:08:21.121238,0.011565,-0.000130,0.000000,0.128954
2026-03-31T00:08:21.123761,0.017110,-0.000105,0.000000,0.141941
2026-03-31T00:08:21.126466,0.016984,-0.000072,0.000000,0.141448
2026-03-31T00:08:21.129333,0.018600,0.000185,0.000000,0.141633
2026-03-31T00:08:21.129464,0.023284,-0.000136,0.000000,0.133303
2026-03-31T00:08:21.132129,0.019984,-0.000072,0.000000,0.144038
2026-03-31T00:08:21.134832,0.020672,-0.000054,0.000000,0.139850
2026-03-31T00:08:21.137605,0.023389,-0.000045,0.000000,0.141459
2026-03-31T00:08:21.137716,0.026219,-0.000258,0.000000,0.131423
2026-03-31T00:08:21.140453,0.032039,0.000081,0.000000,0.142226
2026-03-31T00:08:21.143162,0.032611,0.000039,0.000000,0.132469
2026-03-31T00:08:21.145857,0.033580,0.000306,0.000000,0.141901
2026-03-31T00:08:21.148661,0.035259,-0.000183,0.000000,0.133551
2026-03-31T00:08:21.148778,0.036232,-0.000075,0.000000,0.134400
2026-03-31T00:08:21.151421,0.036736,0.000064,0.000000,0.139681
2026-03-31T00:08:21.154193,0.034448,-0.000039,0.000000,0.136188
2026-03-31T00:08:21.156889,0.036965,-0.000032,0.000000,0.138342
2026-03-31T00:08:21.157042,0.035479,-0.000007,0.000000,0.137429
2026-03-31T00:08:21.159779,0.034337,-0.000037,0.000000,0.154806
2026-03-31T00:08:21.162534,0.039238,-0.000169,0.000000,0.136688
2026-03-31T00:08:21.165315,0.040593,0.000118,0.000000,0.139447
2026-03-31T00:08:21.169704,0.039563,0.000061,0.000000,0.137391
2026-03-31T00:08:21.169878,0.038908,0.000041,0.000000,0.141580
2026-03-31T00:08:21.171261,0.042263,0.000013,0.000000,0.137861
2026-03-31T00:08:21.173466,0.040680,-0.000130,0.000000,0.134040
2026-03-31T00:08:21.176168,0.040311,0.000005,0.000000,0.142113
2026-03-31T00:08:21.176269,0.045029,0.000057,0.000000,0.149820
2026-03-31T00:08:21.179074,0.048595,0.000160,0.000000,0.140663
2026-03-31T00:08:21.181885,0.043992,0.000099,0.000000,0.135848
2026-03-31T00:08:21.184491,0.038673,-0.000018,0.000000,0.141916
2026-03-31T00:08:21.187333,0.047917,0.000019,0.000000,0.140206
2026-03-31T00:08:21.187460,0.052570,-0.000219,0.000000,0.141680
2026-03-31T00:08:21.190197,0.051280,-0.000058,0.000000,0.146498
2026-03-31T00:08:21.192786,0.052607,-0.000201,0.000000,0.151994
2026-03-31T00:08:21.195557,0.052383,0.000111,0.000000,0.149737
2026-03-31T00:08:21.198407,0.052936,-0.000081,0.000000,0.142635
2026-03-31T00:08:21.198541,0.050168,0.000111,0.000000,0.144270
2026-03-31T00:08:21.201149,0.068165,0.000081,0.000000,0.145774
2026-03-31T00:08:21.203878,0.050526,0.000136,0.000000,0.156076
2026-03-31T00:08:21.206632,0.052876,0.000152,0.000000,0.145211
2026-03-31T00:08:21.206759,0.064793,-0.000090,0.000000,0.141397
2026-03-31T00:08:21.209503,0.060369,-0.000318,0.000000,0.148416
2026-03-31T00:08:21.212239,0.062824,0.000111,0.000000,0.142325
2026-03-31T00:08:21.214981,0.064416,-0.000042,0.000000,0.147313
2026-03-31T00:08:21.219862,0.064673,0.000175,0.000000,0.143276
2026-03-31T00:08:21.220253,0.067589,0.000033,0.000000,0.143554
2026-03-31T00:08:21.220459,0.064509,-0.000239,0.000000,0.142949
2026-03-31T00:08:21.223142,0.076778,-0.000046,0.000000,0.142512
2026-03-31T00:08:21.225873,0.078765,0.000010,0.000000,0.143747
2026-03-31T00:08:21.225992,0.075782,-0.000139,0.000000,0.139218
2026-03-31T00:08:21.229060,0.080646,-0.000044,0.000000,0.140476
2026-03-31T00:08:21.231560,0.076390,0.000018,0.000000,0.142429
2026-03-31T00:08:21.234254,0.078392,-0.000051,0.000000,0.139538
2026-03-31T00:08:21.237057,0.077159,-0.000029,0.000000,0.142477
2026-03-31T00:08:21.237166,0.081156,0.000216,0.000000,0.140328
2026-03-31T00:08:21.239770,0.082063,-0.000156,0.000000,0.146651
2026-03-31T00:08:21.242482,0.080266,-0.000014,0.000000,0.147635
2026-03-31T00:08:21.245263,0.081694,0.000241,0.000000,0.140504
2026-03-31T00:08:21.245388,0.081010,-0.000110,0.000000,0.145695
2026-03-31T00:08:21.248101,0.076196,-0.000188,0.000000,0.143276
2026-03-31T00:08:21.250853,0.080369,0.000100,0.000000,0.146984
2026-03-31T00:08:21.253469,0.077209,0.000137,0.000000,0.146457
2026-03-31T00:08:21.256352,0.080469,0.000001,0.000000,0.151907
2026-03-31T00:08:21.256480,0.087440,0.000184,0.000000,0.146759
2026-03-31T00:08:21.259163,0.082795,0.000111,0.000000,0.152218
2026-03-31T00:08:21.261865,0.079437,-0.000237,0.000000,0.151839
2026-03-31T00:08:21.264532,0.080261,-0.000012,0.000000,0.151639
2026-03-31T00:08:21.268651,0.082848,0.000018,0.000000,0.151523
2026-03-31T00:08:21.269874,0.078187,-0.000094,0.000000,0.154314
2026-03-31T00:08:21.270217,0.083959,0.000036,0.000000,0.152434
2026-03-31T00:08:21.272799,0.089330,-0.000000,0.000000,0.151780
2026-03-31T00:08:21.275612,0.095104,-0.000153,0.000000,0.151941
2026-03-31T00:08:21.275730,0.091928,-0.000026,0.000000,0.148182
2026-03-31T00:08:21.278662,0.093211,-0.000057,0.000000,0.146229
2026-03-31T00:08:21.281107,0.102133,-0.000083,0.000000,0.143955
2026-03-31T00:08:21.283847,0.086751,-0.000032,0.000000,0.143321
2026-03-31T00:08:21.286648,0.096562,-0.000041,0.000000,0.146563
2026-03-31T00:08:21.286771,0.092055,-0.000096,0.000000,0.150149
2026-03-31T00:08:21.289703,0.094818,0.000128,0.000000,0.153106
2026-03-31T00:08:21.292323,0.103466,0.000104,0.000000,0.147258
2026-03-31T00:08:21.294904,0.104740,-0.000052,0.000000,0.152395
2026-03-31T00:08:21.295037,0.100722,0.000089,0.000000,0.147860
2026-03-31T00:08:21.297842,0.104250,-0.000087,0.000000,0.147015
2026-03-31T00:08:21.300542,0.105953,0.000077,0.000000,0.149753
2026-03-31T00:08:21.303270,0.108506,-0.000050,0.000000,0.151503
2026-03-31T00:08:21.305955,0.108748,0.000035,0.000000,0.151670
2026-03-31T00:08:21.306083,0.112074,0.000085,0.000000,0.156349
2026-03-31T00:08:21.308879,0.117144,0.000039,0.000000,0.148160
2026-03-31T00:08:21.311616,0.109684,-0.000047,0.000000,0.152684
2026-03-31T00:08:21.314310,0.100643,-0.000078,0.000000,0.153918
2026-03-31T00:08:21.314436,0.115087,0.000206,0.000000,0.155600
2026-03-31T00:08:21.320634,0.107792,-0.000047,0.000000,0.156485
2026-03-31T00:08:21.320914,0.112089,-0.000339,0.000000,0.162906
2026-03-31T00:08:21.322528,0.116542,-0.000031,0.000000,0.158653
2026-03-31T00:08:21.325374,0.117131,-0.000285,0.000000,0.158665
2026-03-31T00:08:21.325509,0.116728,-0.000155,0.000000,0.158112
2026-03-31T00:08:21.328079,0.116513,-0.000059,0.000000,0.159714
2026-03-31T00:08:21.330851,0.111690,-0.000242,0.000000,0.160791
2026-03-31T00:08:21.333649,0.122841,-0.000015,0.000000,0.164258
2026-03-31T00:08:21.336271,0.112180,0.000143,0.000000,0.163236
2026-03-31T00:08:21.336398,0.120545,-0.000029,0.000000,0.167108
2026-03-31T00:08:21.339132,0.118017,-0.000175,0.000000,0.163383
2026-03-31T00:08:21.341899,0.120450,0.000104,0.000000,0.156480
2026-03-31T00:08:21.344596,0.123230,0.000113,0.000000,0.163190
2026-03-31T00:08:21.344705,0.124099,-0.000065,0.000000,0.156724
2026-03-31T00:08:21.347452,0.125966,-0.000111,0.000000,0.150765
2026-03-31T00:08:21.350243,0.129117,-0.000200,0.000000,0.159316
2026-03-31T00:08:21.352838,0.128458,-0.000096,0.000000,0.167438
2026-03-31T00:08:21.355618,0.131152,-0.000117,0.000000,0.156015
2026-03-31T00:08:21.355758,0.133363,-0.000040,0.000000,0.158277
2026-03-31T00:08:21.358553,0.142784,-0.000043,0.000000,0.156588
2026-03-31T00:08:21.361135,0.139889,-0.000108,0.000000,0.164450
2026-03-31T00:08:21.363885,0.141622,0.000217,0.000000,0.156504
2026-03-31T00:08:21.364012,0.136145,0.000043,0.000000,0.170625
2026-03-31T00:08:21.369984,0.140458,0.000212,0.000000,0.160538
2026-03-31T00:08:21.370168,0.141300,-0.000081,0.000000,0.162885
2026-03-31T00:08:21.372180,0.141450,0.000214,0.000000,0.162675
2026-03-31T00:08:21.374897,0.160376,-0.000061,0.000000,0.157141
2026-03-31T00:08:21.375023,0.157410,0.000239,0.000000,0.163202
2026-03-31T00:08:21.377763,0.158367,-0.000038,0.000000,0.163555
2026-03-31T00:08:21.380530,0.163599,0.000127,0.000000,0.157433
2026-03-31T00:08:21.383340,0.164594,-0.000021,0.000000,0.160050
2026-03-31T00:08:21.383451,0.168678,0.000059,0.000000,0.162662
2026-03-31T00:08:21.386061,0.168312,0.000087,0.000000,0.162698
2026-03-31T00:08:21.388821,0.184830,0.000064,0.000000,0.156366
2026-03-31T00:08:21.391617,0.184230,-0.000063,0.000000,0.163024
2026-03-31T00:08:21.394287,0.180450,-0.000278,0.000000,0.164920
2026-03-31T00:08:21.394413,0.181281,0.000123,0.000000,0.168660
2026-03-31T00:08:21.397142,0.184214,-0.000114,0.000000,0.168054
2026-03-31T00:08:21.399925,0.185804,-0.000033,0.000000,0.167253
2026-03-31T00:08:21.402595,0.176423,-0.000107,0.000000,0.169706
2026-03-31T00:08:21.405310,0.184477,0.000288,0.000000,0.167996
2026-03-31T00:08:21.405443,0.188270,-0.000071,0.000000,0.171368
2026-03-31T00:08:21.408188,0.204681,0.000106,0.000000,0.156773
2026-03-31T00:08:21.410935,0.199752,-0.000134,0.000000,0.159278
2026-03-31T00:08:21.413657,0.206329,0.000195,0.000000,0.168365
2026-03-31T00:08:21.413782,0.204443,-0.000054,0.000000,0.164569
2026-03-31T00:08:21.418867,0.188210,0.000253,0.000000,0.163117
2026-03-31T00:08:21.420669,0.200693,-0.000033,0.000000,0.165972
2026-03-31T00:08:21.421851,0.206289,-0.000169,0.000000,0.164397
2026-03-31T00:08:21.424554,0.211307,-0.000044,0.000000,0.164888
2026-03-31T00:08:21.424688,0.221309,-0.000051,0.000000,0.165686
2026-03-31T00:08:21.427413,0.217374,0.000133,0.000000,0.168940
2026-03-31T00:08:21.430143,0.219294,-0.000082,0.000000,0.165288
2026-03-31T00:08:21.432905,0.221442,-0.000012,0.000000,0.167509
2026-03-31T00:08:21.433004,0.223026,0.000054,0.000000,0.168319
2026-03-31T00:08:21.435747,0.221916,-0.000103,0.000000,0.167435
2026-03-31T00:08:21.438484,0.220996,-0.000260,0.000000,0.167440
2026-03-31T00:08:21.441246,0.225516,0.000250,0.000000,0.154200
2026-03-31T00:08:21.443928,0.231635,0.000135,0.000000,0.146353
2026-03-31T00:08:21.444041,0.235181,0.000086,0.000000,0.165569
2026-03-31T00:08:21.446791,0.232187,-0.000061,0.000000,0.168054
2026-03-31T00:08:21.449569,0.229464,-0.000153,0.000000,0.165225
2026-03-31T00:08:21.452261,0.230528,0.000052,0.000000,0.163787
2026-03-31T00:08:21.452368,0.229318,0.000106,0.000000,0.167816
2026-03-31T00:08:21.455088,0.231621,-0.000218,0.000000,0.164212
2026-03-31T00:08:21.457898,0.237505,0.000308,0.000000,0.168661
2026-03-31T00:08:21.460558,0.237043,0.000011,0.000000,0.167577
2026-03-31T00:08:21.463415,0.235579,-0.000061,0.000000,0.168633
2026-03-31T00:08:21.463538,0.239728,0.000061,0.000000,0.167855
2026-03-31T00:08:21.469820,0.239437,0.000324,0.000000,0.168202
2026-03-31T00:08:21.470029,0.237580,0.000205,0.000000,0.170867
2026-03-31T00:08:21.471602,0.243036,-0.000202,0.000000,0.173765
2026-03-31T00:08:21.474374,0.242588,-0.000074,0.000000,0.170363
2026-03-31T00:08:21.474497,0.247880,-0.000130,0.000000,0.168703
2026-03-31T00:08:21.477018,0.256359,-0.000052,0.000000,0.174141
2026-03-31T00:08:21.479877,0.255465,0.000077,0.000000,0.169325
2026-03-31T00:08:21.482651,0.253689,-0.000212,0.000000,0.168899
2026-03-31T00:08:21.482755,0.244620,-0.000030,0.000000,0.160888
2026-03-31T00:08:21.485412,0.255396,0.000053,0.000000,0.167518
2026-03-31T00:08:21.488182,0.256945,-0.000226,0.000000,0.168065
2026-03-31T00:08:21.490993,0.251844,0.000030,0.000000,0.167422
2026-03-31T00:08:21.493628,0.257612,-0.000067,0.000000,0.168065
2026-03-31T00:08:21.493744,0.266003,0.000034,0.000000,0.165858
2026-03-31T00:08:21.496365,0.268079,-0.000001,0.000000,0.167469
2026-03-31T00:08:21.499295,0.264616,0.000145,0.000000,0.167764
2026-03-31T00:08:21.501822,0.270475,-0.000078,0.000000,0.167190
2026-03-31T00:08:21.501929,0.267097,0.000061,0.000000,0.165215
2026-03-31T00:08:21.504832,0.269954,-0.000278,0.000000,0.166561
2026-03-31T00:08:21.507704,0.272074,0.000128,0.000000,0.163878
2026-03-31T00:08:21.510455,0.271187,-0.000105,0.000000,0.168358
2026-03-31T00:08:21.512855,0.268585,0.000327,0.000000,0.171159
2026-03-31T00:08:21.512980,0.273129,-0.000140,0.000000,0.167280
2026-03-31T00:08:21.519738,0.267227,0.000193,0.000000,0.167706
2026-03-31T00:08:21.520004,0.274011,0.000054,0.000000,0.170792
2026-03-31T00:08:21.521361,0.272996,0.000020,0.000000,0.167595
2026-03-31T00:08:21.521602,0.273191,-0.000016,0.000000,0.168118
2026-03-31T00:08:21.524079,0.271998,-0.000152,0.000000,0.167783
2026-03-31T00:08:21.526681,0.280987,0.000145,0.000000,0.167772
2026-03-31T00:08:21.529652,0.271317,0.000016,0.000000,0.168766
2026-03-31T00:08:21.532416,0.274125,-0.000001,0.000000,0.168058
2026-03-31T00:08:21.532541,0.279954,0.000064,0.000000,0.146550
2026-03-31T00:08:21.535066,0.281114,-0.000071,0.000000,0.168691
2026-03-31T00:08:21.537752,0.283805,0.000006,0.000000,0.149825
2026-03-31T00:08:21.540660,0.284305,-0.000118,0.000000,0.168832
2026-03-31T00:08:21.543272,0.277020,-0.000071,0.000000,0.170745
2026-03-31T00:08:21.543395,0.288775,0.000105,0.000000,0.167946
2026-03-31T00:08:21.546110,0.291081,0.000218,0.000000,0.167316
2026-03-31T00:08:21.548969,0.287011,0.000033,0.000000,0.168394
2026-03-31T00:08:21.551551,0.291623,0.000159,0.000000,0.167398
2026-03-31T00:08:21.551677,0.296149,-0.000101,0.000000,0.166649
2026-03-31T00:08:21.554475,0.290209,-0.000011,0.000000,0.151337
2026-03-31T00:08:21.557334,0.297156,0.000130,0.000000,0.168241
2026-03-31T00:08:21.560021,0.294628,-0.000065,0.000000,0.168266
2026-03-31T00:08:21.562741,0.281813,0.000038,0.000000,0.170254
2026-03-31T00:08:21.562871,0.292516,0.000202,0.000000,0.167986
2026-03-31T00:08:21.569605,0.294174,-0.000004,0.000000,0.142980
2026-03-31T00:08:21.569812,0.296537,0.000069,0.000000,0.172324
2026-03-31T00:08:21.570942,0.294758,-0.000266,0.000000,0.172736
2026-03-31T00:08:21.571257,0.296841,-0.000152,0.000000,0.167176
2026-03-31T00:08:21.573802,0.295416,0.000065,0.000000,0.167961
2026-03-31T00:08:21.576477,0.301118,0.000231,0.000000,0.168179
2026-03-31T00:08:21.579167,0.298156,0.000016,0.000000,0.163759
2026-03-31T00:08:21.582125,0.297145,0.000140,0.000000,0.167843
2026-03-31T00:08:21.582236,0.295236,0.000062,0.000000,0.165114
2026-03-31T00:08:21.584847,0.298531,0.000074,0.000000,0.168658
2026-03-31T00:08:21.587870,0.298191,0.000091,0.000000,0.168445
2026-03-31T00:08:21.590337,0.299513,-0.000055,0.000000,0.167603
2026-03-31T00:08:21.590445,0.300069,-0.000095,0.000000,0.173742
2026-03-31T00:08:21.593080,0.292397,-0.000093,0.000000,0.176024
2026-03-31T00:08:21.595981,0.292995,0.000321,0.000000,0.179705
2026-03-31T00:08:21.598770,0.293708,-0.000115,0.000000,0.177987
2026-03-31T00:08:21.601482,0.297788,0.000014,0.000000,0.180051
2026-03-31T00:08:21.601595,0.297289,-0.000041,0.000000,0.181596
2026-03-31T00:08:21.604317,0.293726,-0.000066,0.000000,0.178506
2026-03-31T00:08:21.607073,0.311030,-0.000162,0.000000,0.176686
2026-03-31T00:08:21.609729,0.290034,0.000033,0.000000,0.187899
2026-03-31T00:08:21.612572,0.288721,-0.000136,0.000000,0.188817
2026-03-31T00:08:21.612706,0.295092,-0.000094,0.000000,0.192789
2026-03-31T00:08:21.615471,0.289906,-0.000001,0.000000,0.190891
2026-03-31T00:08:21.619631,0.284575,0.000081,0.000000,0.188495
2026-03-31T00:08:21.620866,0.262222,0.000136,0.000000,0.192035
2026-03-31T00:08:21.621146,0.268689,0.000006,0.000000,0.197303
2026-03-31T00:08:21.623509,0.294181,-0.000020,0.000000,0.192944
2026-03-31T00:08:21.626115,0.284203,-0.000187,0.000000,0.192591
2026-03-31T00:08:21.629065,0.286361,-0.000148,0.000000,0.191528
2026-03-31T00:08:21.631856,0.277755,0.000116,0.000000,0.192939
2026-03-31T00:08:21.631978,0.281718,-0.000164,0.000000,0.190169
2026-03-31T00:08:21.634553,0.299433,-0.000473,0.000000,0.192339
2026-03-31T00:08:21.637399,0.282884,-0.000165,0.000000,0.190867
2026-03-31T00:08:21.640027,0.274503,0.000043,0.000000,0.192052
2026-03-31T00:08:21.640135,0.282321,0.000006,0.000000,0.194018
2026-03-31T00:08:21.642702,0.278339,-0.000006,0.000000,0.192011
2026-03-31T00:08:21.645629,0.283218,0.000169,0.000000,0.206512
2026-03-31T00:08:21.648358,0.275964,0.000002,0.000000,0.192833
2026-03-31T00:08:21.650875,0.286216,-0.000075,0.000000,0.192367
2026-03-31T00:08:21.651003,0.284236,-0.000047,0.000000,0.191241
2026-03-31T00:08:21.653885,0.282894,-0.000123,0.000000,0.191780
2026-03-31T00:08:21.656646,0.281414,-0.000087,0.000000,0.192079
2026-03-31T00:08:21.659292,0.255537,-0.000108,0.000000,0.190790
2026-03-31T00:08:21.659427,0.278580,0.000153,0.000000,0.191926
2026-03-31T00:08:21.662145,0.280209,-0.000293,0.000000,0.193381
2026-03-31T00:08:21.665010,0.271104,0.000081,0.000000,0.191039
2026-03-31T00:08:21.669500,0.278840,-0.000191,0.000000,0.193846
2026-03-31T00:08:21.670366,0.276531,-0.000139,0.000000,0.201347
2026-03-31T00:08:21.670647,0.273343,0.000113,0.000000,0.204779
2026-03-31T00:08:21.673139,0.278980,-0.000093,0.000000,0.193531
2026-03-31T00:08:21.675849,0.279019,-0.000187,0.000000,0.196459
2026-03-31T00:08:21.678601,0.276857,-0.000046,0.000000,0.200976
2026-03-31T00:08:21.681506,0.277414,0.000047,0.000000,0.200171
2026-03-31T00:08:21.681637,0.270229,-0.000008,0.000000,0.198663
2026-03-31T00:08:21.684325,0.271702,0.000012,0.000000,0.197651
2026-03-31T00:08:21.687094,0.272003,-0.000321,0.000000,0.196328
2026-03-31T00:08:21.689804,0.273040,-0.000007,0.000000,0.200354
2026-03-31T00:08:21.689920,0.267986,-0.000118,0.000000,0.206946
2026-03-31T00:08:21.692454,0.266848,0.000010,0.000000,0.196452
2026-03-31T00:08:21.695231,0.270773,-0.000102,0.000000,0.195756
2026-03-31T00:08:21.697875,0.271315,0.000214,0.000000,0.197630
2026-03-31T00:08:21.700614,0.269805,0.000172,0.000000,0.199075
2026-03-31T00:08:21.700765,0.262871,-0.000076,0.000000,0.201756
2026-03-31T00:08:21.703433,0.268807,0.000060,0.000000,0.205654
2026-03-31T00:08:21.706201,0.262940,0.000106,0.000000,0.209010
2026-03-31T00:08:21.708991,0.267429,0.000014,0.000000,0.208811
2026-03-31T00:08:21.709130,0.264175,-0.000094,0.000000,0.207042
2026-03-31T00:08:21.711813,0.266552,-0.000012,0.000000,0.202712
2026-03-31T00:08:21.714548,0.267631,0.000138,0.000000,0.204525
2026-03-31T00:08:21.719866,0.269439,0.000062,0.000000,0.204278
2026-03-31T00:08:21.720241,0.266375,-0.000242,0.000000,0.209836
2026-03-31T00:08:21.720409,0.265660,0.000139,0.000000,0.211092
2026-03-31T00:08:21.722742,0.262192,0.000020,0.000000,0.208421
2026-03-31T00:08:21.725421,0.257126,-0.000100,0.000000,0.206101
2026-03-31T00:08:21.728441,0.258565,0.000244,0.000000,0.209500
2026-03-31T00:08:21.728549,0.259061,0.000205,0.000000,0.214449
2026-03-31T00:08:21.731142,0.256923,0.000004,0.000000,0.218703
2026-03-31T00:08:21.733855,0.265588,0.000182,0.000000,0.213765
2026-03-31T00:08:21.736549,0.253707,-0.000059,0.000000,0.217954
2026-03-31T00:08:21.739362,0.257641,-0.000107,0.000000,0.213698
2026-03-31T00:08:21.739475,0.260022,-0.000218,0.000000,0.214056
2026-03-31T00:08:21.742242,0.259572,0.000158,0.000000,0.214606
2026-03-31T00:08:21.744851,0.259767,0.000046,0.000000,0.215790
2026-03-31T00:08:21.747534,0.257246,-0.000077,0.000000,0.218224
2026-03-31T00:08:21.750260,0.256722,0.000165,0.000000,0.240806
2026-03-31T00:08:21.750375,0.257556,-0.000139,0.000000,0.214498
2026-03-31T00:08:21.753124,0.264614,0.000043,0.000000,0.215337
2026-03-31T00:08:21.755854,0.257927,-0.000058,0.000000,0.215280
2026-03-31T00:08:21.758673,0.256622,-0.000146,0.000000,0.214265
2026-03-31T00:08:21.758799,0.255156,0.000097,0.000000,0.218442
2026-03-31T00:08:21.761491,0.252354,-0.000108,0.000000,0.220063
2026-03-31T00:08:21.764213,0.248064,-0.000096,0.000000,0.218989
2026-03-31T00:08:21.769557,0.258584,-0.000140,0.000000,0.219522
2026-03-31T00:08:21.769732,0.254513,-0.000027,0.000000,0.218366
2026-03-31T00:08:21.769947,0.255032,-0.000135,0.000000,0.217564
2026-03-31T00:08:21.772430,0.257585,-0.000141,0.000000,0.215499
2026-03-31T00:08:21.775112,0.255039,-0.000152,0.000000,0.221427
2026-03-31T00:08:21.778151,0.254294,-0.000144,0.000000,0.218614
2026-03-31T00:08:21.778287,0.256746,-0.000153,0.000000,0.214335
2026-03-31T00:08:21.780660,0.257617,0.000096,0.000000,0.216805
2026-03-31T00:08:21.783569,0.254234,-0.000040,0.000000,0.244049
2026-03-31T00:08:21.786263,0.254092,-0.000114,0.000000,0.219861
2026-03-31T00:08:21.788876,0.255393,-0.000071,0.000000,0.216933
2026-03-31T00:08:21.788988,0.258416,0.000072,0.000000,0.221556
2026-03-31T00:08:21.791928,0.258577,-0.000104,0.000000,0.219097
2026-03-31T00:08:21.794489,0.244649,-0.000179,0.000000,0.225757
2026-03-31T00:08:21.797188,0.243765,-0.000056,0.000000,0.226680
2026-03-31T00:08:21.797293,0.251461,-0.000043,0.000000,0.219297
2026-03-31T00:08:21.800025,0.252990,-0.000047,0.000000,0.226556
2026-03-31T00:08:21.802798,0.252466,-0.000004,0.000000,0.223902
2026-03-31T00:08:21.805649,0.252975,0.000036,0.000000,0.221886
2026-03-31T00:08:21.808453,0.253856,0.000109,0.000000,0.227426
2026-03-31T00:08:21.808578,0.251721,-0.000234,0.000000,0.204222
2026-03-31T00:08:21.811099,0.255639,0.000074,0.000000,0.223393
2026-03-31T00:08:21.813823,0.258987,0.000079,0.000000,0.231149
2026-03-31T00:08:21.819948,0.255935,-0.000084,0.000000,0.219511
2026-03-31T00:08:21.820215,0.253775,-0.000100,0.000000,0.229952
2026-03-31T00:08:21.820614,0.252433,0.000125,0.000000,0.222303
2026-03-31T00:08:21.822152,0.256214,0.000055,0.000000,0.230261
2026-03-31T00:08:21.824845,0.254406,-0.000116,0.000000,0.229610
2026-03-31T00:08:21.827673,0.260399,-0.000024,0.000000,0.228794
2026-03-31T00:08:21.827792,0.253985,0.000171,0.000000,0.231805
2026-03-31T00:08:21.830436,0.259441,-0.000080,0.000000,0.232873
2026-03-31T00:08:21.833242,0.257165,-0.000122,0.000000,0.229993
2026-03-31T00:08:21.835875,0.252038,0.000089,0.000000,0.236026
2026-03-31T00:08:21.838749,0.249833,0.000150,0.000000,0.228487
2026-03-31T00:08:21.838869,0.251157,0.000063,0.000000,0.233117
2026-03-31T00:08:21.841527,0.243711,-0.000084,0.000000,0.229775
2026-03-31T00:08:21.844181,0.253562,-0.000028,0.000000,0.236634
2026-03-31T00:08:21.846910,0.250628,0.000004,0.000000,0.240868
2026-03-31T00:08:21.847019,0.229537,0.000033,0.000000,0.243653
2026-03-31T00:08:21.849831,0.255579,-0.000095,0.000000,0.242489
2026-03-31T00:08:21.852517,0.251390,0.000092,0.000000,0.244164
2026-03-31T00:08:21.855220,0.269324,0.000093,0.000000,0.241006
2026-03-31T00:08:21.858030,0.249762,-0.000084,0.000000,0.246185
2026-03-31T00:08:21.858157,0.246925,0.000026,0.000000,0.240057
2026-03-31T00:08:21.860797,0.247155,-0.000213,0.000000,0.244457
2026-03-31T00:08:21.863522,0.254048,0.000039,0.000000,0.239326
2026-03-31T00:08:21.869003,0.252797,0.000110,0.000000,0.241173
2026-03-31T00:08:21.870479,0.246721,-0.000036,0.000000,0.244064
2026-03-31T00:08:21.870696,0.274123,0.000073,0.000000,0.245580
2026-03-31T00:08:21.871992,0.246661,-0.000113,0.000000,0.244943
2026-03-31T00:08:21.874528,0.250625,-0.000096,0.000000,0.243108
2026-03-31T00:08:21.877271,0.256429,-0.000030,0.000000,0.242139
2026-03-31T00:08:21.877390,0.250255,0.000189,0.000000,0.233877
2026-03-31T00:08:21.880121,0.248196,-0.000240,0.000000,0.240885
2026-03-31T00:08:21.882896,0.247725,-0.000179,0.000000,0.246169
2026-03-31T00:08:21.885574,0.245423,-0.000047,0.000000,0.240816
2026-03-31T00:08:21.888296,0.244999,0.000088,0.000000,0.242469
2026-03-31T00:08:21.888404,0.251922,-0.000139,0.000000,0.234433
2026-03-31T00:08:21.891088,0.248468,-0.000051,0.000000,0.252809
2026-03-31T00:08:21.893841,0.251007,0.000093,0.000000,0.244645
2026-03-31T00:08:21.896544,0.246575,-0.000034,0.000000,0.252379
2026-03-31T00:08:21.896655,0.253159,-0.000150,0.000000,0.272518
2026-03-31T00:08:21.899395,0.254315,0.000032,0.000000,0.246076
2026-03-31T00:08:21.902118,0.248812,0.000152,0.000000,0.246729
2026-03-31T00:08:21.904876,0.256169,-0.000152,0.000000,0.254057
2026-03-31T00:08:21.907636,0.253092,0.000115,0.000000,0.252657
2026-03-31T00:08:21.907760,0.247041,-0.000087,0.000000,0.250250
2026-03-31T00:08:21.910439,0.255354,0.000092,0.000000,0.255285
2026-03-31T00:08:21.913212,0.250667,-0.000019,0.000000,0.257301
2026-03-31T00:08:21.919693,0.248628,-0.000113,0.000000,0.239821
2026-03-31T00:08:21.919865,0.240953,-0.000152,0.000000,0.256436
2026-03-31T00:08:21.920046,0.256587,-0.000110,0.000000,0.254898
2026-03-31T00:08:21.921424,0.252274,0.000194,0.000000,0.260820
2026-03-31T00:08:21.924194,0.244140,-0.000289,0.000000,0.258157
2026-03-31T00:08:21.926967,0.247242,-0.000131,0.000000,0.263407
2026-03-31T00:08:21.927084,0.248478,-0.000046,0.000000,0.266105
2026-03-31T00:08:21.929747,0.247225,0.000092,0.000000,0.258531
2026-03-31T00:08:21.932575,0.245590,0.002958,0.000000,0.257036
2026-03-31T00:08:21.935194,0.248225,0.008049,0.000000,0.261630
2026-03-31T00:08:21.935304,0.252195,0.000920,0.000000,0.283812
2026-03-31T00:08:21.938133,0.252389,0.005008,0.000000,0.265351
2026-03-31T00:08:21.940921,0.246977,0.003973,0.000000,0.267619
2026-03-31T00:08:21.943501,0.247411,0.000951,0.000000,0.268194
2026-03-31T00:08:21.946331,0.247633,-0.000032,0.000000,0.254277
2026-03-31T00:08:21.946441,0.249268,0.000944,0.000000,0.261530
2026-03-31T00:08:21.949190,0.251625,0.005940,0.000000,0.261706
2026-03-31T00:08:21.951814,0.247810,0.000782,0.000000,0.258663
2026-03-31T00:08:21.954521,0.244664,0.001885,0.000000,0.258939
2026-03-31T00:08:21.957413,0.248559,0.000003,0.000000,0.259892
2026-03-31T00:08:21.957561,0.252974,0.000041,0.000000,0.251596
2026-03-31T00:08:21.960175,0.249123,0.001712,0.000000,0.261462
2026-03-31T00:08:21.962871,0.245685,0.002005,0.000000,0.258970
2026-03-31T00:08:21.969746,0.247623,0.000098,0.000000,0.258849
2026-03-31T00:08:21.970361,0.247038,0.003866,0.000000,0.262381
2026-03-31T00:08:21.970642,0.246502,0.002163,0.000000,0.256228
2026-03-31T00:08:21.971142,0.249329,0.004920,0.000000,0.264117
2026-03-31T00:08:21.973925,0.246336,0.012986,0.000000,0.265330
2026-03-31T00:08:21.976675,0.247321,0.001823,0.000000,0.267460
2026-03-31T00:08:21.976795,0.245327,0.002038,0.000000,0.264165
2026-03-31T00:08:21.979394,0.243985,0.004210,0.000000,0.259155
2026-03-31T00:08:21.982282,0.243401,0.005109,0.000000,0.259882
2026-03-31T00:08:21.984902,0.245197,0.000139,0.000000,0.259926
2026-03-31T00:08:21.985015,0.242252,0.003245,0.000000,0.259568
2026-03-31T00:08:21.987738,0.244307,-0.000166,0.000000,0.261818
2026-03-31T00:08:21.990542,0.245728,0.006007,0.000000,0.261096
2026-03-31T00:08:21.993245,0.246450,0.007799,0.000000,0.236984
2026-03-31T00:08:21.995979,0.252028,0.004009,0.000000,0.275258
2026-03-31T00:08:21.996115,0.250109,0.003848,0.000000,0.269936
2026-03-31T00:08:21.998902,0.261063,0.005804,0.000000,0.269820
2026-03-31T00:08:22.001471,0.248999,0.004934,0.000000,0.273283
2026-03-31T00:08:22.004249,0.272741,0.005797,0.000000,0.269572
2026-03-31T00:08:22.004359,0.255282,0.001910,0.000000,0.268724
2026-03-31T00:08:22.007176,0.255282,0.006913,0.000000,0.267674
2026-03-31T00:08:22.009831,0.257051,0.007231,0.000000,0.269366
2026-03-31T00:08:22.012539,0.257197,0.001024,0.000000,0.267329
2026-03-31T00:08:22.015453,0.259275,0.005009,0.000000,0.267242
2026-03-31T00:08:22.020097,0.256444,0.006082,0.000000,0.270836
2026-03-31T00:08:22.020239,0.261354,0.009048,0.000000,0.266131
2026-03-31T00:08:22.020932,0.260739,0.010037,0.000000,0.258081
2026-03-31T00:08:22.023581,0.261762,0.003058,0.000000,0.269958
2026-03-31T00:08:22.026319,0.264409,0.000071,0.000000,0.263510
2026-03-31T00:08:22.026430,0.266111,0.000939,0.000000,0.265084
2026-03-31T00:08:22.029112,0.258639,0.008083,0.000000,0.266546
2026-03-31T00:08:22.031926,0.248861,0.006105,0.000000,0.255027
2026-03-31T00:08:22.034688,0.261565,0.004906,0.000000,0.264830
2026-03-31T00:08:22.034794,0.259581,0.007717,0.000000,0.268357
2026-03-31T00:08:22.037475,0.259098,0.018990,0.000000,0.267328
2026-03-31T00:08:22.040297,0.257497,0.004093,0.000000,0.261488
2026-03-31T00:08:22.042862,0.258932,-0.000078,0.000000,0.257290
2026-03-31T00:08:22.045621,0.255832,0.002804,0.000000,0.261164
2026-03-31T00:08:22.045740,0.261696,0.008093,0.000000,0.275817
2026-03-31T00:08:22.048506,0.259522,0.009066,0.000000,0.258460
2026-03-31T00:08:22.051216,0.262185,0.010249,0.000000,0.266724
2026-03-31T00:08:22.053968,0.259191,0.010123,0.000000,0.260192
2026-03-31T00:08:22.054077,0.256282,0.008192,0.000000,0.257631
2026-03-31T00:08:22.056819,0.263803,0.006008,0.000000,0.262918
2026-03-31T00:08:22.059426,0.270835,0.007032,0.000000,0.271283
2026-03-31T00:08:22.062224,0.286365,0.009971,0.000000,0.257812
2026-03-31T00:08:22.065017,0.265761,0.008926,0.000000,0.262224
2026-03-31T00:08:22.065146,0.254673,0.010062,0.000000,0.260024
2026-03-31T00:08:22.069772,0.265827,0.008182,0.000000,0.262075
2026-03-31T00:08:22.070560,0.270030,0.009082,0.000000,0.261064
2026-03-31T00:08:22.073195,0.269708,0.001862,0.000000,0.265432
2026-03-31T00:08:22.073308,0.262022,0.004036,0.000000,0.260102
2026-03-31T00:08:22.075963,0.268364,0.006280,0.000000,0.257525
2026-03-31T00:08:22.078822,0.266504,0.006250,0.000000,0.256211
2026-03-31T00:08:22.081715,0.260575,-0.000111,0.000000,0.250171
2026-03-31T00:08:22.084340,0.269407,0.004995,0.000000,0.255905
2026-03-31T00:08:22.084454,0.264786,0.007873,0.000000,0.264284
2026-03-31T00:08:22.087056,0.264577,0.008023,0.000000,0.253070
2026-03-31T00:08:22.089848,0.261185,0.003873,0.000000,0.250909
2026-03-31T00:08:22.092540,0.265105,0.005890,0.000000,0.253933
2026-03-31T00:08:22.095351,0.259472,0.004959,0.000000,0.246703
2026-03-31T00:08:22.095476,0.265351,0.006753,0.000000,0.246471
2026-03-31T00:08:22.098084,0.264490,0.005896,0.000000,0.246219
2026-03-31T00:08:22.100891,0.266638,0.005931,0.000000,0.250195
2026-03-31T00:08:22.103547,0.261181,0.007857,0.000000,0.241611
2026-03-31T00:08:22.103673,0.267589,0.001093,0.000000,0.246121
2026-03-31T00:08:22.106472,0.270177,0.006119,0.000000,0.245049
2026-03-31T00:08:22.109128,0.287381,-0.000098,0.000000,0.243872
2026-03-31T00:08:22.111866,0.272761,0.005946,0.000000,0.233850
2026-03-31T00:08:22.118592,0.265573,0.008282,0.000000,0.241597
2026-03-31T00:08:22.118744,0.258518,0.003241,0.000000,0.246178
2026-03-31T00:08:22.119016,0.266737,0.004070,0.000000,0.246235
2026-03-31T00:08:22.120202,0.260470,0.005913,0.000000,0.244428
2026-03-31T00:08:22.122942,0.261596,0.004280,0.000000,0.245190
2026-03-31T00:08:22.123069,0.263528,0.002061,0.000000,0.243399
2026-03-31T00:08:22.125748,0.264273,0.008034,0.000000,0.242526
2026-03-31T00:08:22.128568,0.250413,0.006113,0.000000,0.245227
2026-03-31T00:08:22.131181,0.251696,0.005067,0.000000,0.246129
2026-03-31T00:08:22.134004,0.248648,0.005693,0.000000,0.244364
2026-03-31T00:08:22.134118,0.246281,0.004923,0.000000,0.240974
2026-03-31T00:08:22.136810,0.245077,0.002051,0.000000,0.245039
2026-03-31T00:08:22.139543,0.244911,0.007842,0.000000,0.244140
2026-03-31T00:08:22.142317,0.255033,0.006054,0.000000,0.241612
2026-03-31T00:08:22.142446,0.245922,0.006836,0.000000,0.240439
2026-03-31T00:08:22.145152,0.245105,0.006240,0.000000,0.241849
2026-03-31T00:08:22.147780,0.228925,0.011071,0.000000,0.239602
2026-03-31T00:08:22.150515,0.236959,-0.000017,0.000000,0.237712
2026-03-31T00:08:22.153276,0.233858,0.009048,0.000000,0.235964
2026-03-31T00:08:22.153420,0.231826,0.007016,0.000000,0.236219
2026-03-31T00:08:22.156112,0.233412,0.008048,0.000000,0.237784
2026-03-31T00:08:22.158914,0.232774,0.002744,0.000000,0.237403
2026-03-31T00:08:22.161586,0.231875,0.002976,0.000000,0.245836
2026-03-31T00:08:22.164291,0.223795,0.008176,0.000000,0.224632
2026-03-31T00:08:22.164421,0.226142,0.004935,0.000000,0.234758
2026-03-31T00:08:22.169104,0.221266,0.002114,0.000000,0.235564
2026-03-31T00:08:22.170266,0.225604,0.004008,0.000000,0.230589
2026-03-31T00:08:22.172565,0.221439,0.000186,0.000000,0.229970
2026-03-31T00:08:22.172699,0.215396,0.000084,0.000000,0.232583
2026-03-31T00:08:22.175416,0.218150,0.002029,0.000000,0.229696
2026-03-31T00:08:22.178152,0.221508,-0.000116,0.000000,0.229456
2026-03-31T00:08:22.180877,0.210784,0.007073,0.000000,0.229501
2026-03-31T00:08:22.183655,0.209793,0.003074,0.000000,0.234429
2026-03-31T00:08:22.183774,0.204380,0.008223,0.000000,0.230963
2026-03-31T00:08:22.186444,0.195003,0.002960,0.000000,0.230159
2026-03-31T00:08:22.189170,0.205607,0.001851,0.000000,0.226390
2026-03-31T00:08:22.191931,0.203871,0.007177,0.000000,0.230808
2026-03-31T00:08:22.192060,0.201076,0.000938,0.000000,0.225884
2026-03-31T00:08:22.194740,0.205237,0.003086,0.000000,0.230947
2026-03-31T00:08:22.197538,0.192990,0.001975,0.000000,0.241476
2026-03-31T00:08:22.200273,0.190409,0.008047,0.000000,0.241741
2026-03-31T00:08:22.202878,0.182846,0.001945,0.000000,0.240954
2026-03-31T00:08:22.203006,0.179490,0.001102,0.000000,0.239124
2026-03-31T00:08:22.205725,0.175567,0.003881,0.000000,0.237330
2026-03-31T00:08:22.208609,0.174736,0.008054,0.000000,0.210745
2026-03-31T00:08:22.211202,0.179770,0.001813,0.000000,0.238890
2026-03-31T00:08:22.211382,0.175994,0.002031,0.000000,0.235271
2026-03-31T00:08:22.214110,0.168614,-0.000203,0.000000,0.233202
2026-03-31T00:08:22.220197,0.166683,-0.000006,0.000000,0.230757
2026-03-31T00:08:22.220379,0.162531,0.013829,0.000000,0.224623
2026-03-31T00:08:22.222243,0.168985,-0.000053,0.000000,0.229770
2026-03-31T00:08:22.222372,0.161046,0.003886,0.000000,0.248326
2026-03-31T00:08:22.225111,0.162277,0.002282,0.000000,0.228131
2026-03-31T00:08:22.227757,0.158456,0.004011,0.000000,0.230057
2026-03-31T00:08:22.230542,0.138489,0.000137,0.000000,0.226802
2026-03-31T00:08:22.233352,0.139579,0.000108,0.000000,0.233796
2026-03-31T00:08:22.233477,0.143254,0.002037,0.000000,0.228801
2026-03-31T00:08:22.236074,0.136858,0.000071,0.000000,0.213530
2026-03-31T00:08:22.238887,0.139347,-0.000003,0.000000,0.226927
2026-03-31T00:08:22.241621,0.133826,0.000975,0.000000,0.227722
2026-03-31T00:08:22.241729,0.134483,-0.000045,0.000000,0.225834
2026-03-31T00:08:22.244424,0.151314,0.000296,0.000000,0.229003
2026-03-31T00:08:22.247142,0.113760,-0.000033,0.000000,0.220080
2026-03-31T00:08:22.249861,0.112805,0.000033,0.000000,0.226233
2026-03-31T00:08:22.252570,0.113939,0.000043,0.000000,0.219461
2026-03-31T00:08:22.252713,0.114798,-0.000101,0.000000,0.215622
2026-03-31T00:08:22.255488,0.115225,0.000023,0.000000,0.216973
2026-03-31T00:08:22.258176,0.119775,0.000038,0.000000,0.222833
2026-03-31T00:08:22.260862,0.106553,0.000001,0.000000,0.219238
2026-03-31T00:08:22.261004,0.106440,-0.000026,0.000000,0.214024
2026-03-31T00:08:22.263788,0.094328,0.000108,0.000000,0.219080
2026-03-31T00:08:22.268737,0.092926,-0.000048,0.000000,0.217893
2026-03-31T00:08:22.270478,0.090830,-0.000068,0.000000,0.218399
2026-03-31T00:08:22.271899,0.089613,0.000076,0.000000,0.218341
2026-03-31T00:08:22.272066,0.083038,-0.000059,0.000000,0.217875
2026-03-31T00:08:22.274770,0.088620,-0.000057,0.000000,0.207490
2026-03-31T00:08:22.277559,0.085509,-0.000063,0.000000,0.222452
2026-03-31T00:08:22.280292,0.086882,0.000063,0.000000,0.215371
2026-03-31T00:08:22.280408,0.073729,-0.000039,0.000000,0.218370
2026-03-31T00:08:22.283104,0.076312,-0.000074,0.000000,0.218665
2026-03-31T00:08:22.285784,0.071018,-0.000061,0.000000,0.218897
2026-03-31T00:08:22.288518,0.072901,0.000040,0.000000,0.213328
2026-03-31T00:08:22.291335,0.071232,-0.000054,0.000000,0.217373
2026-03-31T00:08:22.291446,0.075593,-0.000057,0.000000,0.216408
2026-03-31T00:08:22.294165,0.064773,0.000156,0.000000,0.219014
2026-03-31T00:08:22.296902,0.069060,0.000226,0.000000,0.219747
2026-03-31T00:08:22.299624,0.048908,0.000095,0.000000,0.221161
2026-03-31T00:08:22.302344,0.065706,0.004036,0.000000,0.219323
2026-03-31T00:08:22.302488,0.057721,0.000049,0.000000,0.206803
2026-03-31T00:08:22.305193,0.064461,0.000057,0.000000,0.218926
2026-03-31T00:08:22.307896,0.052255,-0.000083,0.000000,0.219177
2026-03-31T00:08:22.310618,0.052655,-0.000060,0.000000,0.214445
2026-03-31T00:08:22.310745,0.052015,0.000061,0.000000,0.215549
2026-03-31T00:08:22.313416,0.059791,0.000101,0.000000,0.215955
2026-03-31T00:08:22.320274,0.053468,-0.000043,0.000000,0.218203
2026-03-31T00:08:22.321097,0.048075,0.000159,0.000000,0.207280
2026-03-31T00:08:22.321696,0.047768,-0.000049,0.000000,0.210608
2026-03-31T00:08:22.321966,0.045556,0.000064,0.000000,0.205837
2026-03-31T00:08:22.324426,0.043687,-0.000089,0.000000,0.214384
2026-03-31T00:08:22.327103,0.052480,0.000082,0.000000,0.213331
2026-03-31T00:08:22.330041,0.043661,-0.000034,0.000000,0.215503
2026-03-31T00:08:22.330171,0.039674,-0.000203,0.000000,0.216859
2026-03-31T00:08:22.332806,0.039171,0.000096,0.000000,0.213089
2026-03-31T00:08:22.335518,0.039932,-0.000198,0.000000,0.212088
2026-03-31T00:08:22.338243,0.036981,0.000031,0.000000,0.213816
2026-03-31T00:08:22.341063,0.036006,0.000050,0.000000,0.214289
2026-03-31T00:08:22.341176,0.038557,-0.000129,0.000000,0.221439
2026-03-31T00:08:22.343745,0.039181,-0.000012,0.000000,0.220457
2026-03-31T00:08:22.346526,0.038276,-0.000083,0.000000,0.220295
2026-03-31T00:08:22.349248,0.030108,0.000199,0.000000,0.214921
2026-03-31T00:08:22.349360,0.030020,-0.000162,0.000000,0.219072
2026-03-31T00:08:22.352012,0.030944,0.000077,0.000000,0.213307
2026-03-31T00:08:22.354766,0.029463,0.000114,0.000000,0.214962
2026-03-31T00:08:22.357573,0.055089,-0.000109,0.000000,0.216180
2026-03-31T00:08:22.360302,0.029380,0.000212,0.000000,0.213129
2026-03-31T00:08:22.360426,0.024561,0.000270,0.000000,0.218984
2026-03-31T00:08:22.363123,0.027409,0.000200,0.000000,0.219225
2026-03-31T00:08:22.370499,0.023633,-0.000175,0.000000,0.218979
2026-03-31T00:08:22.370663,0.030667,-0.000019,0.000000,0.218151
2026-03-31T00:08:22.371344,0.029476,-0.000218,0.000000,0.219509
2026-03-31T00:08:22.371503,0.027719,0.000078,0.000000,0.221375
2026-03-31T00:08:22.374249,0.026335,0.000029,0.000000,0.219196
2026-03-31T00:08:22.376784,0.030192,-0.000041,0.000000,0.218077
2026-03-31T00:08:22.379643,0.029497,-0.000142,0.000000,0.218432
2026-03-31T00:08:22.379760,0.023209,0.000012,0.000000,0.219165
2026-03-31T00:08:22.382504,0.022466,-0.000007,0.000000,0.222754
2026-03-31T00:08:22.385094,0.019533,0.000124,0.000000,0.219071
2026-03-31T00:08:22.387861,0.026174,-0.000035,0.000000,0.221147
2026-03-31T00:08:22.390642,0.020546,-0.000039,0.000000,0.223037
2026-03-31T00:08:22.390768,0.020197,-0.000071,0.000000,0.220490
2026-03-31T00:08:22.393493,0.032407,-0.000387,0.000000,0.214932
2026-03-31T00:08:22.396140,0.020424,-0.000171,0.000000,0.250584
2026-03-31T00:08:22.398951,0.034200,-0.000146,0.000000,0.219654
2026-03-31T00:08:22.399064,0.019361,0.000080,0.000000,0.220289
2026-03-31T00:08:22.401735,0.018730,0.000005,0.000000,0.219468
2026-03-31T00:08:22.404410,0.018249,0.000189,0.000000,0.218090
2026-03-31T00:08:22.407255,0.022992,0.000079,0.000000,0.222214
2026-03-31T00:08:22.409917,0.019804,0.003814,0.000000,0.200184
2026-03-31T00:08:22.410030,0.011788,0.000068,0.000000,0.231897
2026-03-31T00:08:22.412773,0.013485,0.000248,0.000000,0.230992
2026-03-31T00:08:22.420271,0.015196,0.000178,0.000000,0.231429
2026-03-31T00:08:22.420894,0.014397,-0.000105,0.000000,0.221233
2026-03-31T00:08:22.421226,0.017605,0.000123,0.000000,0.230718
2026-03-31T00:08:22.421427,0.021752,-0.000137,0.000000,0.220051
2026-03-31T00:08:22.423780,0.020238,-0.000011,0.000000,0.234487
2026-03-31T00:08:22.426478,0.017683,-0.000060,0.000000,0.229668
2026-03-31T00:08:22.429439,0.019623,0.000196,0.000000,0.226975
2026-03-31T00:08:22.429579,0.014953,0.000209,0.000000,0.225558
2026-03-31T00:08:22.432159,0.012710,-0.000233,0.000000,0.228554
2026-03-31T00:08:22.434827,0.014127,0.000122,0.000000,0.222692
2026-03-31T00:08:22.437527,0.014336,-0.000256,0.000000,0.226226
2026-03-31T00:08:22.440419,0.012550,-0.000088,0.000000,0.230102
2026-03-31T00:08:22.440537,0.013707,-0.000161,0.000000,0.229675
2026-03-31T00:08:22.443066,0.014336,-0.000068,0.000000,0.219956
2026-03-31T00:08:22.445810,0.014586,0.000071,0.000000,0.234948
2026-03-31T00:08:22.448636,0.012846,-0.000084,0.000000,0.232534
2026-03-31T00:08:22.448744,0.037845,-0.000125,0.000000,0.235544
2026-03-31T00:08:22.451397,0.011331,0.000114,0.000000,0.235695
2026-03-31T00:08:22.454123,0.010607,-0.000072,0.000000,0.233611
2026-03-31T00:08:22.456917,0.013711,0.000057,0.000000,0.222494
2026-03-31T00:08:22.459598,0.013829,-0.000076,0.000000,0.233132
2026-03-31T00:08:22.459724,0.016967,0.000130,0.000000,0.231423
2026-03-31T00:08:22.462438,0.015827,-0.000077,0.000000,0.239195
2026-03-31T00:08:22.465354,0.013621,0.000073,0.000000,0.242599
2026-03-31T00:08:22.470084,0.014715,-0.000018,0.000000,0.241981
2026-03-31T00:08:22.470260,0.012620,-0.000231,0.000000,0.244859
2026-03-31T00:08:22.470889,0.011757,0.000054,0.000000,0.243119
2026-03-31T00:08:22.473478,0.012612,0.000056,0.000000,0.242306
2026-03-31T00:08:22.476107,0.011078,-0.000051,0.000000,0.238265
2026-03-31T00:08:22.479150,0.012311,0.000186,0.000000,0.236656
2026-03-31T00:08:22.479282,0.017936,0.000167,0.000000,0.240233
2026-03-31T00:08:22.481932,0.012876,-0.000062,0.000000,0.245062
2026-03-31T00:08:22.484448,0.013685,0.000065,0.000000,0.243971
2026-03-31T00:08:22.487257,0.003283,0.000016,0.000000,0.245757
2026-03-31T00:08:22.487366,0.014184,0.000100,0.000000,0.239703
2026-03-31T00:08:22.490176,0.001619,0.000023,0.000000,0.238184
2026-03-31T00:08:22.492719,0.010466,-0.000088,0.000000,0.242603
2026-03-31T00:08:22.495473,0.013407,0.000103,0.000000,0.243377
2026-03-31T00:08:22.498347,0.015651,0.000139,0.000000,0.249539
2026-03-31T00:08:22.498454,0.023108,0.000057,0.000000,0.244519
2026-03-31T00:08:22.501028,0.013427,0.000024,0.000000,0.240345
2026-03-31T00:08:22.503960,0.021310,0.000187,0.000000,0.245380
2026-03-31T00:08:22.506666,0.011024,0.000127,0.000000,0.244199
2026-03-31T00:08:22.509285,0.022665,0.000048,0.000000,0.241840
2026-03-31T00:08:22.509415,0.012693,0.000127,0.000000,0.243137
2026-03-31T00:08:22.512014,0.032129,-0.000204,0.000000,0.243676
2026-03-31T00:08:22.514992,0.023504,0.000116,0.000000,0.245328
2026-03-31T00:08:22.519753,0.011063,-0.000021,0.000000,0.244585
2026-03-31T00:08:22.519966,0.022726,0.000174,0.000000,0.246142
2026-03-31T00:08:22.520404,0.017512,-0.000163,0.000000,0.244216
2026-03-31T00:08:22.523160,0.018149,-0.000074,0.000000,0.245339
2026-03-31T00:08:22.525861,0.016762,-0.000203,0.000000,0.246282
2026-03-31T00:08:22.528585,0.026669,0.000034,0.000000,0.243670
2026-03-31T00:08:22.528684,0.020495,0.000020,0.000000,0.246061
2026-03-31T00:08:22.531543,0.020394,-0.000002,0.000000,0.245991
2026-03-31T00:08:22.534149,0.020832,-0.000092,0.000000,0.247347
2026-03-31T00:08:22.536964,0.023190,-0.000072,0.000000,0.253457
2026-03-31T00:08:22.537070,0.025625,0.000082,0.000000,0.251979
2026-03-31T00:08:22.539761,0.037733,-0.000162,0.000000,0.255094
2026-03-31T00:08:22.542431,0.029614,-0.000001,0.000000,0.258471
2026-03-31T00:08:22.545178,0.027518,-0.000023,0.000000,0.260231
2026-03-31T00:08:22.547994,0.035165,0.000099,0.000000,0.259185
2026-03-31T00:08:22.548107,0.047893,-0.000054,0.000000,0.257759
2026-03-31T00:08:22.550791,0.022782,0.000190,0.000000,0.250623
2026-03-31T00:08:22.553528,0.028896,0.000130,0.000000,0.256964
2026-03-31T00:08:22.556327,0.022220,0.000072,0.000000,0.254321
2026-03-31T00:08:22.556450,0.024728,-0.000094,0.000000,0.254813
2026-03-31T00:08:22.559153,0.024240,-0.000377,0.000000,0.253919
2026-03-31T00:08:22.561812,0.014728,0.000015,0.000000,0.251804
2026-03-31T00:08:22.564609,0.023744,0.000041,0.000000,0.255437
2026-03-31T00:08:22.569580,0.056957,-0.000224,0.000000,0.262828
2026-03-31T00:08:22.569755,0.037918,0.000044,0.000000,0.257330
2026-03-31T00:08:22.570274,0.040345,0.000231,0.000000,0.265929
2026-03-31T00:08:22.572852,0.038754,-0.000084,0.000000,0.267665
2026-03-31T00:08:22.575564,0.039826,0.000142,0.000000,0.272085
2026-03-31T00:08:22.578480,0.036929,-0.000105,0.000000,0.270246
2026-03-31T00:08:22.578588,0.039623,0.000153,0.000000,0.267296
2026-03-31T00:08:22.581244,0.042365,0.000163,0.000000,0.270083
2026-03-31T00:08:22.583920,0.046815,0.000112,0.000000,0.270523
2026-03-31T00:08:22.586752,0.045888,0.000152,0.000000,0.270737
2026-03-31T00:08:22.586876,0.048503,-0.000022,0.000000,0.271554
2026-03-31T00:08:22.589548,0.054772,0.000121,0.000000,0.272671
2026-03-31T00:08:22.592207,0.054440,0.000038,0.000000,0.272051
2026-03-31T00:08:22.595063,0.047234,-0.000103,0.000000,0.276478
2026-03-31T00:08:22.597801,0.063580,0.000059,0.000000,0.277025
2026-03-31T00:08:22.597918,0.055971,-0.000162,0.000000,0.276379
2026-03-31T00:08:22.600643,0.062286,-0.000339,0.000000,0.281948
2026-03-31T00:08:22.603424,0.063683,-0.000036,0.000000,0.282157
2026-03-31T00:08:22.606112,0.064253,0.000098,0.000000,0.283591
2026-03-31T00:08:22.606239,0.066007,0.000130,0.000000,0.284970
2026-03-31T00:08:22.608823,0.074223,-0.000114,0.000000,0.284742
2026-03-31T00:08:22.611725,0.069499,-0.000290,0.000000,0.284865
2026-03-31T00:08:22.614447,0.063641,0.000052,0.000000,0.288109
2026-03-31T00:08:22.619460,0.077153,0.000122,0.000000,0.296216
2026-03-31T00:08:22.619670,0.083168,-0.000288,0.000000,0.286265
2026-03-31T00:08:22.619889,0.080144,0.000183,0.000000,0.295584
2026-03-31T00:08:22.622478,0.081819,0.000122,0.000000,0.297046
2026-03-31T00:08:22.625218,0.079213,-0.000199,0.000000,0.293739
2026-03-31T00:08:22.625330,0.080508,-0.000073,0.000000,0.295478
2026-03-31T00:08:22.628502,0.088579,0.000007,0.000000,0.294356
2026-03-31T00:08:22.630938,0.081971,0.000137,0.000000,0.294485
2026-03-31T00:08:22.633690,0.090737,0.000165,0.000000,0.298182
2026-03-31T00:08:22.636445,0.095814,-0.000102,0.000000,0.296087
2026-03-31T00:08:22.636559,0.093614,-0.000031,0.000000,0.302175
2026-03-31T00:08:22.639249,0.094277,0.000049,0.000000,0.298857
2026-03-31T00:08:22.642038,0.095171,-0.000124,0.000000,0.298007
2026-03-31T00:08:22.644776,0.102058,-0.000111,0.000000,0.300311
2026-03-31T00:08:22.647363,0.098876,0.000032,0.000000,0.302584
2026-03-31T00:08:22.647488,0.097994,0.000019,0.000000,0.308347
2026-03-31T00:08:22.650232,0.110708,0.000135,0.000000,0.303374
2026-03-31T00:08:22.652955,0.116615,-0.000047,0.000000,0.306105
2026-03-31T00:08:22.655752,0.115109,-0.000004,0.000000,0.305245
2026-03-31T00:08:22.655876,0.115136,0.000061,0.000000,0.304878
2026-03-31T00:08:22.658607,0.115839,0.000149,0.000000,0.301240
2026-03-31T00:08:22.661368,0.117079,0.000018,0.000000,0.307950
2026-03-31T00:08:22.663972,0.122944,-0.000069,0.000000,0.321489
2026-03-31T00:08:22.669831,0.120316,-0.000205,0.000000,0.309682
2026-03-31T00:08:22.670065,0.129130,-0.000115,0.000000,0.317221
2026-03-31T00:08:22.670366,0.134512,0.000028,0.000000,0.319519
2026-03-31T00:08:22.672246,0.137443,0.000020,0.000000,0.308738
2026-03-31T00:08:22.674902,0.142304,-0.000076,0.000000,0.311378
2026-03-31T00:08:22.675015,0.144092,0.000183,0.000000,0.314120
2026-03-31T00:08:22.677691,0.151711,-0.000151,0.000000,0.316222
2026-03-31T00:08:22.680596,0.141401,0.000001,0.000000,0.311997
2026-03-31T00:08:22.683277,0.140813,-0.000127,0.000000,0.319628
2026-03-31T00:08:22.685978,0.150065,0.000213,0.000000,0.332551
2026-03-31T00:08:22.686091,0.178111,-0.000201,0.000000,0.323502
2026-03-31T00:08:22.688866,0.166354,-0.000198,0.000000,0.324463
2026-03-31T00:08:22.691586,0.167179,0.000038,0.000000,0.324137
2026-03-31T00:08:22.694193,0.167837,-0.000227,0.000000,0.323144
2026-03-31T00:08:22.694302,0.171525,0.000016,0.000000,0.320412
2026-03-31T00:08:22.697024,0.167544,0.000102,0.000000,0.322528
2026-03-31T00:08:22.699789,0.188985,0.005060,0.000000,0.321258
2026-03-31T00:08:22.702477,0.188609,0.006087,0.000000,0.320256
2026-03-31T00:08:22.705184,0.193105,0.003983,0.000000,0.322443
2026-03-31T00:08:22.705308,0.195762,0.003081,0.000000,0.325515
2026-03-31T00:08:22.708132,0.193604,0.002749,0.000000,0.326614
2026-03-31T00:08:22.710866,0.204429,0.006696,0.000000,0.332625
2026-03-31T00:08:22.713558,0.197056,0.007833,0.000000,0.324384
2026-03-31T00:08:22.718733,0.198897,0.005739,0.000000,0.327696
2026-03-31T00:08:22.719490,0.230048,0.012824,0.000000,0.332161
2026-03-31T00:08:22.720630,0.204894,0.012803,0.000000,0.346639
2026-03-31T00:08:22.721841,0.211055,0.012886,0.000000,0.331156
2026-03-31T00:08:22.724564,0.206275,0.013081,0.000000,0.337292
2026-03-31T00:08:22.724676,0.207658,0.013127,0.000000,0.332846
2026-03-31T00:08:22.727372,0.204787,0.012975,0.000000,0.336097
2026-03-31T00:08:22.730102,0.210485,0.013020,0.000000,0.332950
2026-03-31T00:08:22.732881,0.209969,0.009997,0.000000,0.329515
2026-03-31T00:08:22.735577,0.220929,0.022169,0.000000,0.337086
2026-03-31T00:08:22.735705,0.219293,0.018141,0.000000,0.339075
2026-03-31T00:08:22.738372,0.219352,0.019815,0.000000,0.337627
2026-03-31T00:08:22.741192,0.219635,0.019080,0.000000,0.341333
2026-03-31T00:08:22.743888,0.216441,0.023025,0.000000,0.340765
2026-03-31T00:08:22.743993,0.219371,0.029915,0.000000,0.343865
2026-03-31T00:08:22.746723,0.222527,0.025902,0.000000,0.343031
2026-03-31T00:08:22.749418,0.217214,0.023232,0.000000,0.343235
2026-03-31T00:08:22.752111,0.222855,0.031022,0.000000,0.349897
2026-03-31T00:08:22.754878,0.220243,0.034888,0.000000,0.359119
2026-03-31T00:08:22.755004,0.225876,0.031121,0.000000,0.348597
2026-03-31T00:08:22.757743,0.224844,0.035852,0.000000,0.350561
2026-03-31T00:08:22.760450,0.221896,0.030977,0.000000,0.354940
2026-03-31T00:08:22.763208,0.226156,0.033978,0.000000,0.352454
2026-03-31T00:08:22.763347,0.221179,0.036007,0.000000,0.349272
2026-03-31T00:08:22.769785,0.229969,0.040246,0.000000,0.347753
2026-03-31T00:08:22.769958,0.236554,0.043997,0.000000,0.349793
2026-03-31T00:08:22.771414,0.232416,0.040832,0.000000,0.352376
2026-03-31T00:08:22.774214,0.236040,0.041711,0.000000,0.348516
2026-03-31T00:08:22.774323,0.240411,0.044065,0.000000,0.346752
2026-03-31T00:08:22.777046,0.244263,0.046085,0.000000,0.355992
2026-03-31T00:08:22.779695,0.241221,0.050204,0.000000,0.352288
2026-03-31T00:08:22.782604,0.240292,0.050149,0.000000,0.350812
2026-03-31T00:08:22.785300,0.219960,0.051995,0.000000,0.359766
2026-03-31T00:08:22.785416,0.251247,0.053003,0.000000,0.387601
2026-03-31T00:08:22.788045,0.251204,0.053879,0.000000,0.362472
2026-03-31T00:08:22.790873,0.249701,0.059097,0.000000,0.360740
2026-03-31T00:08:22.793579,0.250825,0.057113,0.000000,0.360975
2026-03-31T00:08:22.793688,0.247575,0.059859,0.000000,0.360823
2026-03-31T00:08:22.796424,0.249579,0.055930,0.000000,0.359590
2026-03-31T00:08:22.799194,0.253282,0.059138,0.000000,0.366840
2026-03-31T00:08:22.801892,0.246932,0.065173,0.000000,0.360602
2026-03-31T00:08:22.804586,0.248629,0.064052,0.000000,0.362226
2026-03-31T00:08:22.804721,0.242289,0.069911,0.000000,0.364660
2026-03-31T00:08:22.807520,0.247678,0.070151,0.000000,0.358512
2026-03-31T00:08:22.810194,0.246533,0.075498,0.000000,0.358327
2026-03-31T00:08:22.812863,0.248099,0.076819,0.000000,0.357609
2026-03-31T00:08:22.812989,0.247939,0.073100,0.000000,0.361267
2026-03-31T00:08:22.820166,0.245401,0.080970,0.000000,0.363084
2026-03-31T00:08:22.820780,0.243991,0.076843,0.000000,0.367517
2026-03-31T00:08:22.821264,0.242946,0.077044,0.000000,0.362701
2026-03-31T00:08:22.823928,0.236068,0.076709,0.000000,0.360905
2026-03-31T00:08:22.824052,0.244626,0.080655,0.000000,0.360784
2026-03-31T00:08:22.826775,0.246097,0.084593,0.000000,0.367406
2026-03-31T00:08:22.829475,0.244898,0.080806,0.000000,0.367092
2026-03-31T00:08:22.832327,0.250226,0.084979,0.000000,0.374551
2026-03-31T00:08:22.832431,0.250193,0.082171,0.000000,0.371622
2026-03-31T00:08:22.835016,0.240017,0.093610,0.000000,0.352219
2026-03-31T00:08:22.837745,0.240852,0.094596,0.000000,0.354885
2026-03-31T00:08:22.840563,0.233215,0.091927,0.000000,0.351162
2026-03-31T00:08:22.843217,0.237557,0.095757,0.000000,0.354784
2026-03-31T00:08:22.843326,0.234579,0.102622,0.000000,0.361826
2026-03-31T00:08:22.846043,0.232616,0.093831,0.000000,0.358379
2026-03-31T00:08:22.848875,0.236259,0.098162,0.000000,0.358294
2026-03-31T00:08:22.851533,0.221659,0.100285,0.000000,0.354322
2026-03-31T00:08:22.854286,0.219375,0.099236,0.000000,0.352285
2026-03-31T00:08:22.854415,0.219428,0.103067,0.000000,0.358685
2026-03-31T00:08:22.857165,0.221235,0.102120,0.000000,0.364047
2026-03-31T00:08:22.859861,0.218050,0.100434,0.000000,0.350434
2026-03-31T00:08:22.862545,0.218170,0.102809,0.000000,0.351212
2026-03-31T00:08:22.862667,0.212394,0.105971,0.000000,0.349528
2026-03-31T00:08:22.865524,0.211882,0.104859,0.000000,0.352625
2026-03-31T00:08:22.870526,0.192677,0.110979,0.000000,0.349738
2026-03-31T00:08:22.871021,0.193645,0.111158,0.000000,0.350281
2026-03-31T00:08:22.873658,0.192779,0.112332,0.000000,0.349270
2026-03-31T00:08:22.873770,0.192300,0.113618,0.000000,0.347841
2026-03-31T00:08:22.876446,0.193518,0.109090,0.000000,0.347402
2026-03-31T00:08:22.879101,0.192221,0.113576,0.000000,0.348372
2026-03-31T00:08:22.881919,0.188230,0.114839,0.000000,0.333251
2026-03-31T00:08:22.882022,0.187489,0.111911,0.000000,0.347383
2026-03-31T00:08:22.884683,0.169279,0.115454,0.000000,0.348757
2026-03-31T00:08:22.887496,0.169033,0.117931,0.000000,0.346204
2026-03-31T00:08:22.890267,0.169901,0.118718,0.000000,0.347907
2026-03-31T00:08:22.892961,0.168492,0.119274,0.000000,0.362023
2026-03-31T00:08:22.893073,0.166210,0.117392,0.000000,0.342875
2026-03-31T00:08:22.895751,0.165008,0.109492,0.000000,0.345616
2026-03-31T00:08:22.898550,0.158550,0.117462,0.000000,0.348271
2026-03-31T00:08:22.901215,0.167102,0.118641,0.000000,0.354876
2026-03-31T00:08:22.901322,0.153130,0.133807,0.000000,0.351767
2026-03-31T00:08:22.904084,0.155745,0.130648,0.000000,0.348080
2026-03-31T00:08:22.906813,0.155618,0.130341,0.000000,0.347479
2026-03-31T00:08:22.909504,0.125724,0.129065,0.000000,0.346822
2026-03-31T00:08:22.912269,0.148152,0.130601,0.000000,0.346245
2026-03-31T00:08:22.912397,0.147449,0.134792,0.000000,0.347148
2026-03-31T00:08:22.918577,0.147361,0.128221,0.000000,0.348949
2026-03-31T00:08:22.918726,0.147644,0.128336,0.000000,0.343531
2026-03-31T00:08:22.920662,0.140096,0.134546,0.000000,0.343277
2026-03-31T00:08:22.923353,0.138198,0.134016,0.000000,0.341442
2026-03-31T00:08:22.923469,0.135914,0.135477,0.000000,0.339763
2026-03-31T00:08:22.926134,0.139552,0.137599,0.000000,0.346502
2026-03-31T00:08:22.928795,0.132208,0.134148,0.000000,0.348016
2026-03-31T00:08:22.931513,0.125874,0.138092,0.000000,0.343102
2026-03-31T00:08:22.931618,0.133225,0.142150,0.000000,0.337862
2026-03-31T00:08:22.934361,0.124960,0.145584,0.000000,0.341217
2026-03-31T00:08:22.937075,0.124513,0.138370,0.000000,0.340515
2026-03-31T00:08:22.939859,0.119518,0.142948,0.000000,0.337004
2026-03-31T00:08:22.942607,0.123514,0.143665,0.000000,0.339745
2026-03-31T00:08:22.942730,0.118681,0.147648,0.000000,0.335809
2026-03-31T00:08:22.945478,0.116503,0.150199,0.000000,0.339633
2026-03-31T00:08:22.948164,0.111617,0.146629,0.000000,0.336455
2026-03-31T00:08:22.950856,0.112815,0.135297,0.000000,0.339739
2026-03-31T00:08:22.950963,0.110293,0.148904,0.000000,0.342461
2026-03-31T00:08:22.953651,0.106408,0.152750,0.000000,0.349726
2026-03-31T00:08:22.956530,0.105805,0.152530,0.000000,0.336637
2026-03-31T00:08:22.959241,0.106533,0.152462,0.000000,0.347591
2026-03-31T00:08:22.961945,0.104079,0.156266,0.000000,0.348123
2026-03-31T00:08:22.962074,0.104150,0.153899,0.000000,0.348604
2026-03-31T00:08:22.964756,0.104341,0.156705,0.000000,0.350982
2026-03-31T00:08:22.968946,0.095290,0.165614,0.000000,0.350622
2026-03-31T00:08:22.970234,0.086444,0.160462,0.000000,0.357602
2026-03-31T00:08:22.970457,0.088870,0.160412,0.000000,0.358350
2026-03-31T00:08:22.973021,0.086276,0.163472,0.000000,0.353299
2026-03-31T00:08:22.975742,0.086287,0.161438,0.000000,0.373882
2026-03-31T00:08:22.978523,0.085744,0.160004,0.000000,0.362594
2026-03-31T00:08:22.981241,0.086836,0.156025,0.000000,0.360073
2026-03-31T00:08:22.981353,0.075272,0.160855,0.000000,0.357071
2026-03-31T00:08:22.984078,0.080013,0.156105,0.000000,0.357546
2026-03-31T00:08:22.986730,0.068250,0.163872,0.000000,0.367909
2026-03-31T00:08:22.989509,0.067255,0.163358,0.000000,0.371735
2026-03-31T00:08:22.992366,0.064898,0.164870,0.000000,0.372498
2026-03-31T00:08:22.992502,0.069487,0.167960,0.000000,0.375773
2026-03-31T00:08:22.995102,0.066936,0.161332,0.000000,0.374935
2026-03-31T00:08:22.997837,0.067977,0.168516,0.000000,0.374230
2026-03-31T00:08:23.000650,0.068193,0.168588,0.000000,0.372080
2026-03-31T00:08:23.000776,0.059759,0.169259,0.000000,0.375466
2026-03-31T00:08:23.003420,0.060221,0.169266,0.000000,0.375159
2026-03-31T00:08:23.006081,0.063094,0.170608,0.000000,0.376945
2026-03-31T00:08:23.008924,0.058284,0.168777,0.000000,0.382519
2026-03-31T00:08:23.011621,0.056195,0.168307,0.000000,0.375245
2026-03-31T00:08:23.011757,0.055898,0.171221,0.000000,0.382021
2026-03-31T00:08:23.014424,0.055956,0.170401,0.000000,0.381281
2026-03-31T00:08:23.019713,0.050952,0.170704,0.000000,0.381086
2026-03-31T00:08:23.020333,0.031183,0.169373,0.000000,0.401704
2026-03-31T00:08:23.020494,0.042625,0.172581,0.000000,0.385417
2026-03-31T00:08:23.022724,0.044413,0.175414,0.000000,0.385186
2026-03-31T00:08:23.025398,0.056324,0.174534,0.000000,0.384784
2026-03-31T00:08:23.028137,0.046861,0.171979,0.000000,0.387160
2026-03-31T00:08:23.030951,0.039637,0.175815,0.000000,0.387234
2026-03-31T00:08:23.031059,0.040288,0.173265,0.000000,0.391873
2026-03-31T00:08:23.033753,0.040930,0.179274,0.000000,0.397220
2026-03-31T00:08:23.036495,0.040515,0.175937,0.000000,0.399237
2026-03-31T00:08:23.039223,0.038364,0.177697,0.000000,0.395152
2026-03-31T00:08:23.039335,0.038118,0.178769,0.000000,0.395679
2026-03-31T00:08:23.042049,0.032552,0.177040,0.000000,0.393097
2026-03-31T00:08:23.044737,0.037509,0.179569,0.000000,0.387071
2026-03-31T00:08:23.047525,0.034358,0.172069,0.000000,0.384779
2026-03-31T00:08:23.050256,0.037596,0.179626,0.000000,0.386048
2026-03-31T00:08:23.050369,0.036386,0.168620,0.000000,0.388180
2026-03-31T00:08:23.053058,0.027600,0.188772,0.000000,0.385416
2026-03-31T00:08:23.055737,0.026531,0.188500,0.000000,0.382042
2026-03-31T00:08:23.058465,0.037119,0.183653,0.000000,0.386618
2026-03-31T00:08:23.061417,0.033298,0.186964,0.000000,0.367797
2026-03-31T00:08:23.061561,0.030771,0.189544,0.000000,0.390434
2026-03-31T00:08:23.064089,0.027279,0.189291,0.000000,0.374214
2026-03-31T00:08:23.069843,0.032312,0.212419,0.000000,0.373253
2026-03-31T00:08:23.070130,0.029426,0.190334,0.000000,0.376060
2026-03-31T00:08:23.070330,0.025673,0.189197,0.000000,0.364277
2026-03-31T00:08:23.072386,0.023040,0.192311,0.000000,0.358193
2026-03-31T00:08:23.075102,0.023987,0.189609,0.000000,0.366757
2026-03-31T00:08:23.077879,0.022884,0.194230,0.000000,0.368208
2026-03-31T00:08:23.080557,0.024234,0.176524,0.000000,0.366038
2026-03-31T00:08:23.080678,0.023203,0.190971,0.000000,0.364528
2026-03-31T00:08:23.083452,0.021955,0.192151,0.000000,0.364284
2026-03-31T00:08:23.086107,0.022850,0.194233,0.000000,0.359069
2026-03-31T00:08:23.088814,0.024528,0.192920,0.000000,0.358603
2026-03-31T00:08:23.088942,0.019645,0.200555,0.000000,0.358431
2026-03-31T00:08:23.091775,0.017176,0.192404,0.000000,0.360617
2026-03-31T00:08:23.094428,0.021612,0.195997,0.000000,0.355743
2026-03-31T00:08:23.097118,0.018992,0.201577,0.000000,0.346506
2026-03-31T00:08:23.099854,0.017199,0.215264,0.000000,0.374795
2026-03-31T00:08:23.099968,0.018468,0.195090,0.000000,0.357576
2026-03-31T00:08:23.102639,0.015977,0.197757,0.000000,0.347708
2026-03-31T00:08:23.105494,0.016850,0.188036,0.000000,0.347326
2026-03-31T00:08:23.108206,0.016681,0.197941,0.000000,0.349834
2026-03-31T00:08:23.108340,0.014426,0.194404,0.000000,0.347827
2026-03-31T00:08:23.111030,0.018019,0.194157,0.000000,0.345580
2026-03-31T00:08:23.113836,0.016260,0.195855,0.000000,0.329018
2026-03-31T00:08:23.120037,0.013636,0.201063,0.000000,0.345606
2026-03-31T00:08:23.120209,0.015203,0.201798,0.000000,0.341079
2026-03-31T00:08:23.120670,0.040678,0.201167,0.000000,0.304954
2026-03-31T00:08:23.122097,0.013337,0.200210,0.000000,0.321272
2026-03-31T00:08:23.124773,0.015531,0.204327,0.000000,0.321554
2026-03-31T00:08:23.127560,0.005405,0.205320,0.000000,0.321139
2026-03-31T00:08:23.130391,0.013804,0.206985,0.000000,0.322946
2026-03-31T00:08:23.130519,0.016782,0.204759,0.000000,0.318296
2026-03-31T00:08:23.133169,0.013532,0.203349,0.000000,0.314422
2026-03-31T00:08:23.135861,0.015900,0.203889,0.000000,0.314502
2026-03-31T00:08:23.138550,0.008642,0.206603,0.000000,0.301082
2026-03-31T00:08:23.138664,0.016073,0.204781,0.000000,0.301673
2026-03-31T00:08:23.141469,0.023160,0.201152,0.000000,0.303234
2026-03-31T00:08:23.144119,0.009921,0.201232,0.000000,0.298346
2026-03-31T00:08:23.146857,0.011563,0.201876,0.000000,0.297989
2026-03-31T00:08:23.149676,0.014740,0.202114,0.000000,0.296694
2026-03-31T00:08:23.149806,0.013647,0.204201,0.000000,0.296672
2026-03-31T00:08:23.152442,0.013334,0.206713,0.000000,0.294991
2026-03-31T00:08:23.155111,0.019684,0.206719,0.000000,0.281067
2026-03-31T00:08:23.157892,0.011790,0.203480,0.000000,0.275492
2026-03-31T00:08:23.158022,0.004609,0.207492,0.000000,0.273893
2026-03-31T00:08:23.160694,0.005860,0.205563,0.000000,0.277660
2026-03-31T00:08:23.163447,0.011555,0.207919,0.000000,0.277282
2026-03-31T00:08:23.168192,0.008687,0.204111,0.000000,0.272859
2026-03-31T00:08:23.170635,0.013481,0.204424,0.000000,0.270877
2026-03-31T00:08:23.170802,0.011859,0.204842,0.000000,0.266550
2026-03-31T00:08:23.172088,0.014623,0.205027,0.000000,0.258794
2026-03-31T00:08:23.174472,0.015243,0.198560,0.000000,0.262443
2026-03-31T00:08:23.177166,0.009108,0.201123,0.000000,0.261351
2026-03-31T00:08:23.177281,0.007382,0.205927,0.000000,0.245316
2026-03-31T00:08:23.180178,0.004466,0.206228,0.000000,0.256970
2026-03-31T00:08:23.182796,0.012171,0.205926,0.000000,0.262509
2026-03-31T00:08:23.185565,0.010460,0.207816,0.000000,0.254726
2026-03-31T00:08:23.188225,0.013744,0.203772,0.000000,0.252540
2026-03-31T00:08:23.188338,0.011206,0.206551,0.000000,0.246303
2026-03-31T00:08:23.191099,0.008104,0.201084,0.000000,0.250660
2026-03-31T00:08:23.193860,0.004600,0.206851,0.000000,0.237140
2026-03-31T00:08:23.196476,0.008119,0.204185,0.000000,0.245267
2026-03-31T00:08:23.199361,0.010325,0.208168,0.000000,0.243781
2026-03-31T00:08:23.199478,0.012141,0.206939,0.000000,0.243484
2026-03-31T00:08:23.202087,0.013207,0.202543,0.000000,0.239464
2026-03-31T00:08:23.204861,0.011024,0.206038,0.000000,0.226251
2026-03-31T00:08:23.207605,0.010655,0.214321,0.000000,0.226249
2026-03-31T00:08:23.207731,0.007807,0.206890,0.000000,0.226666
2026-03-31T00:08:23.210469,0.005705,0.203141,0.000000,0.221011
2026-03-31T00:08:23.213157,0.005200,0.205096,0.000000,0.220466
2026-03-31T00:08:23.219439,0.011516,0.204996,0.000000,0.218003
2026-03-31T00:08:23.219705,0.007195,0.205290,0.000000,0.217414
2026-03-31T00:08:23.220736,0.004686,0.206035,0.000000,0.218731
2026-03-31T00:08:23.221610,0.000635,0.206037,0.000000,0.197757
2026-03-31T00:08:23.224179,0.008367,0.208938,0.000000,0.193474
2026-03-31T00:08:23.226868,0.004791,0.197706,0.000000,0.197112
2026-03-31T00:08:23.226982,0.008527,0.217490,0.000000,0.193831
2026-03-31T00:08:23.229700,0.009477,0.208725,0.000000,0.193745
2026-03-31T00:08:23.232560,0.007895,0.208990,0.000000,0.193474
2026-03-31T00:08:23.235208,0.006098,0.207144,0.000000,0.184963
2026-03-31T00:08:23.237902,0.000331,0.206024,0.000000,0.178591
2026-03-31T00:08:23.238018,0.008767,0.210447,0.000000,0.181849
2026-03-31T00:08:23.240884,0.002023,0.209452,0.000000,0.175514
2026-03-31T00:08:23.243417,0.000021,0.210497,0.000000,0.182403
2026-03-31T00:08:23.246183,0.011100,0.212370,0.000000,0.181904
2026-03-31T00:08:23.246296,0.002564,0.207261,0.000000,0.174981
2026-03-31T00:08:23.249142,0.004028,0.210323,0.000000,0.176816
2026-03-31T00:08:23.251753,0.004712,0.212774,0.000000,0.176515
2026-03-31T00:08:23.254438,0.011195,0.213538,0.000000,0.176510
2026-03-31T00:08:23.257295,0.007881,0.218856,0.000000,0.179943
2026-03-31T00:08:23.257426,0.018644,0.207124,0.000000,0.177674
2026-03-31T00:08:23.260080,0.004158,0.200411,0.000000,0.176686
2026-03-31T00:08:23.262759,0.004855,0.213718,0.000000,0.182558
2026-03-31T00:08:23.268839,0.008524,0.215543,0.000000,0.181589
2026-03-31T00:08:23.268989,0.004037,0.217731,0.000000,0.186632
2026-03-31T00:08:23.269421,0.001349,0.219658,0.000000,0.184276
2026-03-31T00:08:23.271338,0.008631,0.225761,0.000000,0.180711
2026-03-31T00:08:23.273735,0.003714,0.227340,0.000000,0.180297
2026-03-31T00:08:23.276457,0.011905,0.223732,0.000000,0.166034
2026-03-31T00:08:23.276566,0.006851,0.229310,0.000000,0.179341
2026-03-31T00:08:23.279458,0.000183,0.225394,0.000000,0.180486
2026-03-31T00:08:23.282235,0.008089,0.223410,0.000000,0.177197
2026-03-31T00:08:23.284832,0.009261,0.223175,0.000000,0.180597
2026-03-31T00:08:23.287537,0.006862,0.225150,0.000000,0.181168
2026-03-31T00:08:23.287655,0.006282,0.230900,0.000000,0.178334
2026-03-31T00:08:23.290509,0.006428,0.231376,0.000000,0.182741
2026-03-31T00:08:23.293072,0.011843,0.226857,0.000000,0.180739
2026-03-31T00:08:23.295870,0.008747,0.231253,0.000000,0.182495
2026-03-31T00:08:23.295984,0.004550,0.233426,0.000000,0.188687
2026-03-31T00:08:23.298777,0.008205,0.218610,0.000000,0.183048
2026-03-31T00:08:23.301460,0.009203,0.229338,0.000000,0.181596
2026-03-31T00:08:23.304221,0.005484,0.231071,0.000000,0.184160
2026-03-31T00:08:23.306926,0.006783,0.230161,0.000000,0.187455
2026-03-31T00:08:23.307058,0.004098,0.229371,0.000000,0.184785
2026-03-31T00:08:23.309742,0.007758,0.233144,0.000000,0.184848
2026-03-31T00:08:23.312479,0.005043,0.231836,0.000000,0.184200
2026-03-31T00:08:23.315295,0.009584,0.235002,0.000000,0.189590
2026-03-31T00:08:23.315419,0.008293,0.229925,0.000000,0.196323
2026-03-31T00:08:23.320436,0.011759,0.229606,0.000000,0.203123
2026-03-31T00:08:23.320770,0.007996,0.236878,0.000000,0.180989
2026-03-31T00:08:23.323466,0.009113,0.237212,0.000000,0.180915
2026-03-31T00:08:23.326241,0.009812,0.235243,0.000000,0.182870
2026-03-31T00:08:23.326357,0.005378,0.236399,0.000000,0.188459
2026-03-31T00:08:23.329034,0.004994,0.241174,0.000000,0.182928
2026-03-31T00:08:23.331862,0.010112,0.243131,0.000000,0.158892
2026-03-31T00:08:23.334522,0.004246,0.239788,0.000000,0.177334
2026-03-31T00:08:23.337321,0.010720,0.239093,0.000000,0.184354
2026-03-31T00:08:23.337447,0.002202,0.236301,0.000000,0.189365
2026-03-31T00:08:23.340101,0.004337,0.242126,0.000000,0.192636
2026-03-31T00:08:23.342833,0.003128,0.246921,0.000000,0.190783
2026-03-31T00:08:23.345558,0.007951,0.240535,0.000000,0.192194
2026-03-31T00:08:23.345670,0.000477,0.241681,0.000000,0.193185
2026-03-31T00:08:23.348510,0.004370,0.240418,0.000000,0.193738
2026-03-31T00:08:23.351128,0.005139,0.242705,0.000000,0.193638
2026-03-31T00:08:23.353798,0.005187,0.243888,0.000000,0.194227
2026-03-31T00:08:23.356621,0.004869,0.243625,0.000000,0.197732
2026-03-31T00:08:23.356753,0.008073,0.242431,0.000000,0.198821
2026-03-31T00:08:23.359427,0.005893,0.244516,0.000000,0.193339
2026-03-31T00:08:23.362143,0.005106,0.242096,0.000000,0.189870
2026-03-31T00:08:23.364982,0.007085,0.245332,0.000000,0.204777
2026-03-31T00:08:23.365106,0.010132,0.243084,0.000000,0.204983
2026-03-31T00:08:23.369914,0.015992,0.245595,0.000000,0.201298
2026-03-31T00:08:23.370482,0.009141,0.245830,0.000000,0.198816
2026-03-31T00:08:23.373140,0.004552,0.244994,0.000000,0.202597
2026-03-31T00:08:23.375914,0.006638,0.243853,0.000000,0.205302
2026-03-31T00:08:23.376034,0.006797,0.243814,0.000000,0.194046
2026-03-31T00:08:23.378705,-0.000371,0.245200,0.000000,0.199984
2026-03-31T00:08:23.381422,0.007639,0.245475,0.000000,0.203593
2026-03-31T00:08:23.384321,0.021566,0.248145,0.000000,0.207722
2026-03-31T00:08:23.384434,0.009240,0.246388,0.000000,0.205510
2026-03-31T00:08:23.387093,0.034316,0.247001,0.000000,0.208845
2026-03-31T00:08:23.389771,0.007975,0.245815,0.000000,0.208648
2026-03-31T00:08:23.392570,0.006171,0.250734,0.000000,0.186288
2026-03-31T00:08:23.395213,0.006469,0.247530,0.000000,0.203276
2026-03-31T00:08:23.395327,0.014239,0.248082,0.000000,0.202809
2026-03-31T00:08:23.398023,0.005285,0.246025,0.000000,0.205400
2026-03-31T00:08:23.400844,0.015423,0.246942,0.000000,0.208046
2026-03-31T00:08:23.403492,0.012013,0.244478,0.000000,0.211475
2026-03-31T00:08:23.406343,0.006678,0.255848,0.000000,0.212428
2026-03-31T00:08:23.406470,0.009801,0.246878,0.000000,0.216173
2026-03-31T00:08:23.409100,0.010804,0.247168,0.000000,0.215002
2026-03-31T00:08:23.411727,0.006773,0.245721,0.000000,0.214699
2026-03-31T00:08:23.414645,0.011391,0.245781,0.000000,0.214541
2026-03-31T00:08:23.414769,0.006741,0.246561,0.000000,0.215417
2026-03-31T00:08:23.419851,0.007742,0.248379,0.000000,0.215371
2026-03-31T00:08:23.420496,0.007132,0.248805,0.000000,0.217774
2026-03-31T00:08:23.422879,0.002553,0.252706,0.000000,0.222337
2026-03-31T00:08:23.425549,0.002772,0.251271,0.000000,0.220873
2026-03-31T00:08:23.425667,0.001314,0.247897,0.000000,0.221220
2026-03-31T00:08:23.428708,0.007588,0.251283,0.000000,0.218012
2026-03-31T00:08:23.431206,0.006668,0.252099,0.000000,0.222809
2026-03-31T00:08:23.433942,-0.000777,0.246328,0.000000,0.223019
2026-03-31T00:08:23.434070,0.007111,0.251259,0.000000,0.219510
2026-03-31T00:08:23.436722,0.011318,0.247432,0.000000,0.218028
2026-03-31T00:08:23.439448,0.002931,0.249962,0.000000,0.222084
2026-03-31T00:08:23.442202,0.004996,0.248313,0.000000,0.219090
2026-03-31T00:08:23.444859,0.002017,0.248788,0.000000,0.218730
2026-03-31T00:08:23.444973,0.006248,0.246206,0.000000,0.217181
2026-03-31T00:08:23.447750,0.011077,0.247788,0.000000,0.221379
2026-03-31T00:08:23.450485,0.004682,0.247825,0.000000,0.226325
2026-03-31T00:08:23.453191,0.001466,0.248086,0.000000,0.223911
2026-03-31T00:08:23.453320,0.004744,0.248615,0.000000,0.227681
2026-03-31T00:08:23.456089,0.002941,0.245901,0.000000,0.233683
2026-03-31T00:08:23.458768,0.003717,0.248381,0.000000,0.228738
2026-03-31T00:08:23.461537,0.001412,0.248039,0.000000,0.232266
2026-03-31T00:08:23.464346,0.001883,0.244931,0.000000,0.234621
2026-03-31T00:08:23.464474,0.007506,0.244385,0.000000,0.232087
2026-03-31T00:08:23.469331,-0.000898,0.244491,0.000000,0.230114
2026-03-31T00:08:23.470015,0.013066,0.252180,0.000000,0.230545
2026-03-31T00:08:23.472549,0.001416,0.251335,0.000000,0.239522
2026-03-31T00:08:23.475342,0.003397,0.267321,0.000000,0.245809
2026-03-31T00:08:23.475460,0.002288,0.255940,0.000000,0.240104
2026-03-31T00:08:23.478486,0.005027,0.259008,0.000000,0.236151
2026-03-31T00:08:23.480933,0.010446,0.252546,0.000000,0.238702
2026-03-31T00:08:23.483704,0.012701,0.273083,0.000000,0.235924
2026-03-31T00:08:23.483813,0.004952,0.249783,0.000000,0.243714
2026-03-31T00:08:23.486384,0.001743,0.243807,0.000000,0.255821
2026-03-31T00:08:23.489173,0.010145,0.250539,0.000000,0.235482
2026-03-31T00:08:23.491862,0.000102,0.251988,0.000000,0.240104
2026-03-31T00:08:23.494540,0.008998,0.251475,0.000000,0.241621
2026-03-31T00:08:23.494656,0.007351,0.254628,0.000000,0.234206
2026-03-31T00:08:23.497485,0.009172,0.229008,0.000000,0.248233
2026-03-31T00:08:23.500272,0.006416,0.254113,0.000000,0.242535
2026-03-31T00:08:23.502920,0.010841,0.253060,0.000000,0.259342
2026-03-31T00:08:23.503046,0.005920,0.256713,0.000000,0.241633
2026-03-31T00:08:23.505778,0.005208,0.253350,0.000000,0.241694
2026-03-31T00:08:23.508563,0.013387,0.254500,0.000000,0.246875
2026-03-31T00:08:23.511166,0.011581,0.270706,0.000000,0.245450
2026-03-31T00:08:23.513920,0.009549,0.253237,0.000000,0.227960
2026-03-31T00:08:23.514052,0.009919,0.251489,0.000000,0.248318
2026-03-31T00:08:23.518858,0.008384,0.252695,0.000000,0.254166
2026-03-31T00:08:23.520497,0.009813,0.253266,0.000000,0.243985
2026-03-31T00:08:23.522291,0.011549,0.253543,0.000000,0.247549
2026-03-31T00:08:23.522400,0.015613,0.258844,0.000000,0.254306
2026-03-31T00:08:23.525011,0.012305,0.257691,0.000000,0.254145
2026-03-31T00:08:23.527904,0.014688,0.256852,0.000000,0.252699
2026-03-31T00:08:23.530663,0.012598,0.254962,0.000000,0.250902
2026-03-31T00:08:23.533282,0.013211,0.254649,0.000000,0.251250
2026-03-31T00:08:23.533385,0.015147,0.239342,0.000000,0.250605
2026-03-31T00:08:23.536113,0.016349,0.255242,0.000000,0.252113
2026-03-31T00:08:23.538872,0.012882,0.261980,0.000000,0.252836
2026-03-31T00:08:23.541650,0.019821,0.259880,0.000000,0.254006
2026-03-31T00:08:23.544230,0.020284,0.258451,0.000000,0.251806
2026-03-31T00:08:23.544367,0.020992,0.262630,0.000000,0.264039
2026-03-31T00:08:23.547103,0.018129,0.260794,0.000000,0.248734
2026-03-31T00:08:23.549864,0.037382,0.258371,0.000000,0.254437
2026-03-31T00:08:23.552583,0.019004,0.259673,0.000000,0.258295
2026-03-31T00:08:23.552693,0.022465,0.264215,0.000000,0.259057
2026-03-31T00:08:23.555529,0.026622,0.257960,0.000000,0.270736
2026-03-31T00:08:23.558243,0.026183,0.258680,0.000000,0.272074
2026-03-31T00:08:23.560842,0.051172,0.253655,0.000000,0.272991
2026-03-31T00:08:23.563641,0.027480,0.255699,0.000000,0.270868
2026-03-31T00:08:23.563783,0.029492,0.257977,0.000000,0.272245
2026-03-31T00:08:23.591494,0.032594,0.257801,0.000000,0.271842
